-- MySQL dump 10.13  Distrib 5.7.17, for Win64 (x86_64)
--
-- Host: localhost    Database: xProgram
-- ------------------------------------------------------
-- Server version	5.7.17

/*!40101 SET @OLD_CHARACTER_SET_CLIENT=@@CHARACTER_SET_CLIENT */;
/*!40101 SET @OLD_CHARACTER_SET_RESULTS=@@CHARACTER_SET_RESULTS */;
/*!40101 SET @OLD_COLLATION_CONNECTION=@@COLLATION_CONNECTION */;
/*!40101 SET NAMES utf8 */;
/*!40103 SET @OLD_TIME_ZONE=@@TIME_ZONE */;
/*!40103 SET TIME_ZONE='+00:00' */;
/*!40014 SET @OLD_UNIQUE_CHECKS=@@UNIQUE_CHECKS, UNIQUE_CHECKS=0 */;
/*!40014 SET @OLD_FOREIGN_KEY_CHECKS=@@FOREIGN_KEY_CHECKS, FOREIGN_KEY_CHECKS=0 */;
/*!40101 SET @OLD_SQL_MODE=@@SQL_MODE, SQL_MODE='NO_AUTO_VALUE_ON_ZERO' */;
/*!40111 SET @OLD_SQL_NOTES=@@SQL_NOTES, SQL_NOTES=0 */;

--
-- Table structure for table `campus`
--

DROP TABLE IF EXISTS `campus`;
/*!40101 SET @saved_cs_client     = @@character_set_client */;
/*!40101 SET character_set_client = utf8 */;
CREATE TABLE `campus` (
  `campus_id` int(11) NOT NULL AUTO_INCREMENT COMMENT '公众号id',
  `campus_name` varchar(255) COLLATE utf8_bin NOT NULL COMMENT '公众号名称',
  `city_id` int(11) NOT NULL,
  `custom_service` varchar(255) COLLATE utf8_bin DEFAULT NULL,
  `home_page` varchar(255) COLLATE utf8_bin DEFAULT NULL,
  `app_id` varchar(255) COLLATE utf8_bin DEFAULT NULL,
  `app_secret` varchar(255) COLLATE utf8_bin DEFAULT NULL,
  `access_token` varchar(255) COLLATE utf8_bin NOT NULL DEFAULT '1',
  PRIMARY KEY (`campus_id`)
) ENGINE=InnoDB AUTO_INCREMENT=31 DEFAULT CHARSET=utf8 COLLATE=utf8_bin;
/*!40101 SET character_set_client = @saved_cs_client */;

--
-- Dumping data for table `campus`
--

LOCK TABLES `campus` WRITE;
/*!40000 ALTER TABLE `campus` DISABLE KEYS */;
INSERT INTO `campus` VALUES (1,'苏州大学独墅湖校区',1,'123456','52393.viphk.ngrok.org/xProgram/mobile/home/1.html','wxec269fa0eec3fa83','d61c8f9057a8308ce6d6f57ca69c90e8','-7OVMzg1xEfPAsBZL0dXnNXy8I3GxqO7S2D1QdNiaOkJbIYC5RT4iMsBCLt3YfD161vzblDdqMjEXG1b6psGYtTc4yRgfTo5p7D3wRNku0rGKiIBSasVftfvpHRA_jzzLFQaAAABVG'),(2,'苏州大学本部',1,'-','52393.viphk.ngrok.org/xProgram/mobile/home/2.html','wx90e19d29ac6d3bcc','7014b7bab94344f35cc7ab1d134caa31','veFloWenGlBcnpri3gYCkf4QjsScTDb589gNJcvg_dMJ7G8sIe1X9qQnBv0xGpXv99y5Sd9hIJ7E60brrlBAQhjBi1IQQjB-fZQXULQO1BQQVNdADAFKC'),(3,'test公众号',1,NULL,NULL,NULL,NULL,'1'),(6,'公众号5',4,NULL,NULL,NULL,NULL,'1'),(7,'公众号6',4,NULL,NULL,NULL,NULL,'1'),(29,'1111111111',1,'-',NULL,'-','-','1'),(30,'qwe',1,'-',NULL,'-','-','1');
/*!40000 ALTER TABLE `campus` ENABLE KEYS */;
UNLOCK TABLES;

--
-- Table structure for table `campus_admin`
--

DROP TABLE IF EXISTS `campus_admin`;
/*!40101 SET @saved_cs_client     = @@character_set_client */;
/*!40101 SET character_set_client = utf8 */;
CREATE TABLE `campus_admin` (
  `campus_admin` varchar(255) NOT NULL,
  `password` varchar(255) NOT NULL,
  `type` smallint(6) DEFAULT NULL,
  `city_id` int(11) DEFAULT NULL,
  `telephone` int(20) DEFAULT NULL,
  `address` varchar(255) DEFAULT NULL,
  `last_login_date` datetime DEFAULT NULL,
  `register_time` datetime DEFAULT NULL,
  PRIMARY KEY (`campus_admin`),
  UNIQUE KEY `campus_admin` (`campus_admin`),
  UNIQUE KEY `catename` (`city_id`),
  UNIQUE KEY `city_id` (`city_id`)
) ENGINE=InnoDB DEFAULT CHARSET=utf8;
/*!40101 SET character_set_client = @saved_cs_client */;

--
-- Dumping data for table `campus_admin`
--

LOCK TABLES `campus_admin` WRITE;
/*!40000 ALTER TABLE `campus_admin` DISABLE KEYS */;
INSERT INTO `campus_admin` VALUES ('1','202cb962ac59075b964b07152d234b70',0,1,NULL,NULL,'2017-06-06 20:37:21',NULL),('12','202cb962ac59075b964b07152d234b70',0,4,NULL,NULL,'2016-11-09 21:28:29',NULL),('123456','96e79218965eb72c92a549dd5a330112',1,NULL,123456,'1232132132',NULL,NULL),('15818','96e79218965eb72c92a549dd5a330112',1,9,1961655,'12313312',NULL,'2016-11-17 20:41:29'),('178','202cb962ac59075b964b07152d234b70',1,NULL,NULL,NULL,'2016-11-17 22:18:39',NULL),('18860902711','202cb962ac59075b964b07152d234b70',0,2,NULL,NULL,'2015-12-20 00:00:00',NULL),('18896554880','202cb962ac59075b964b07152d234b70',1,NULL,NULL,NULL,'2015-12-20 00:00:00',NULL),('2','202cb962ac59075b964b07152d234b70',1,NULL,123,'123456789为','2016-11-18 11:30:48',NULL),('aaaa','96e79218965eb72c92a549dd5a330112',1,5,111111,'111','2016-11-17 16:30:13',NULL),('aaaaa','0b4e7a0e5fe84ad35fb5f95b9ceeac79',1,6,111111,'aaaa',NULL,NULL),('assssssss','96e79218965eb72c92a549dd5a330112',1,7,1111111,'11',NULL,NULL),('bbbb','96e79218965eb72c92a549dd5a330112',1,8,111111,'3629',NULL,'2016-11-17 16:35:28');
/*!40000 ALTER TABLE `campus_admin` ENABLE KEYS */;
UNLOCK TABLES;

--
-- Table structure for table `food`
--

DROP TABLE IF EXISTS `food`;
/*!40101 SET @saved_cs_client     = @@character_set_client */;
/*!40101 SET character_set_client = utf8 */;
CREATE TABLE `food` (
  `food_id` int(20) NOT NULL AUTO_INCREMENT COMMENT '商品id',
  `campus_id` int(20) DEFAULT NULL COMMENT '公众号id',
  `campus_admin` varchar(255) DEFAULT NULL COMMENT '管理员id',
  `name` varchar(255) DEFAULT NULL,
  `price` float(6,2) NOT NULL,
  `img_url` varchar(100) DEFAULT NULL,
  `info` varchar(1000) DEFAULT NULL,
  `modify_time` datetime DEFAULT NULL,
  `status` smallint(6) DEFAULT '0' COMMENT '商品状态，1已审核，0未审核',
  `type` varchar(255) DEFAULT NULL,
  `start` smallint(1) DEFAULT '0',
  `food_flag` varchar(255) DEFAULT NULL COMMENT '商品标签',
  `category_id` int(11) DEFAULT NULL,
  `prime_cost` float(6,2) DEFAULT NULL,
  `food_all_count` int(20) DEFAULT NULL,
  `food_count` float NOT NULL DEFAULT '500',
  `message` varchar(255) DEFAULT NULL,
  PRIMARY KEY (`food_id`),
  UNIQUE KEY `food_id` (`food_id`)
) ENGINE=InnoDB AUTO_INCREMENT=100206 DEFAULT CHARSET=utf8;
/*!40101 SET character_set_client = @saved_cs_client */;

--
-- Dumping data for table `food`
--

LOCK TABLES `food` WRITE;
/*!40000 ALTER TABLE `food` DISABLE KEYS */;
INSERT INTO `food` VALUES (10109,2,'2','统一老坛酸菜牛肉面桶装 速食 方便面',4.00,'/Public/img/goods/W020150327373576406347.jpg','http://pic29.nipic.com/20130525/5890690_184803578000_2.jpg,http://pica.nipic.com/2007-12-19/2007121911592513_2.jpg,http://pic22.nipic.com/20120720/8989765_092835333150_2.jpg','2015-04-22 00:00:00',0,'3.3kg/箱',2,'泡面，方便面，速食',501,NULL,500,499,'所有食品都是绿色食品，不含防腐剂，您吃的放心是我们的荣幸'),(10111,2,'2','康师傅鲜虾鱼板桶装面',4.00,'/Public/img/goods/9280c8519530206c.jpg','http://pic29.nipic.com/20130525/5890690_184803578000_2.jpg,http://pica.nipic.com/2007-12-19/2007121911592513_2.jpg,http://pic22.nipic.com/20120720/8989765_092835333150_2.jpg','2015-04-22 00:00:00',0,'3.3kg/箱',2,'泡面，方便面，速食',101,NULL,500,500,'所有食品都是绿色食品，不含防腐剂，您吃的放心是我们的荣幸'),(10112,1,'2','康师傅老陈醋酸辣桶面',4.00,'/Public/img/goods/23.jpg','http://pic29.nipic.com/20130525/5890690_184803578000_2.jpg,http://pica.nipic.com/2007-12-19/2007121911592513_2.jpg,http://pic22.nipic.com/20120720/8989765_092835333150_2.jpg','2015-04-22 00:00:00',0,'3.3kg/箱',2,'泡面，方便面，速食',101,NULL,500,4208,'所有食品都是绿色食品，不含防腐剂，您吃的放心是我们的荣幸'),(10113,1,'2','康师傅红烧牛肉面桶装',4.00,'/Public/img/goods/10584128_131324463183_2.jpg','http://pic29.nipic.com/20130525/5890690_184803578000_2.jpg,http://pica.nipic.com/2007-12-19/2007121911592513_2.jpg,http://pic22.nipic.com/20120720/8989765_092835333150_2.jpg','2015-04-22 00:00:00',0,'3.3kg/箱',2,'泡面，方便面，速食',101,NULL,500,4208,'所有食品都是绿色食品，不含防腐剂，您吃的放心是我们的荣幸'),(10114,1,'2','康师傅大食桶香辣牛肉面',4.50,'/Public/img/goods/W020150327373576406347.jpg','http://pic29.nipic.com/20130525/5890690_184803578000_2.jpg,http://pica.nipic.com/2007-12-19/2007121911592513_2.jpg,http://pic22.nipic.com/20120720/8989765_092835333150_2.jpg','2015-04-22 00:00:00',0,'3.3kg/箱',2,'泡面，方便面，速食',101,NULL,500,4208,'所有食品都是绿色食品，不含防腐剂，您吃的放心是我们的荣幸'),(10115,1,'2','康师傅红烧干拌面',5.00,'/Public/img/goods/23.jpg','http://pic29.nipic.com/20130525/5890690_184803578000_2.jpg,http://pica.nipic.com/2007-12-19/2007121911592513_2.jpg,http://pic22.nipic.com/20120720/8989765_092835333150_2.jpg','2015-04-22 00:00:00',0,'3.3kg/箱',2,'泡面，干拌面，速食',101,NULL,500,4208,'所有食品都是绿色食品，不含防腐剂，您吃的放心是我们的荣幸'),(10116,1,'2','康师傅老坛酸菜牛肉面袋装',2.50,'/Public/img/goods/9280c8519530206c.jpg','http://pic29.nipic.com/20130525/5890690_184803578000_2.jpg,http://pica.nipic.com/2007-12-19/2007121911592513_2.jpg,http://pic22.nipic.com/20120720/8989765_092835333150_2.jpg','2015-04-22 00:00:00',0,'3.3kg/箱',2,'泡面，方便面，速食',101,NULL,500,4208,'所有食品都是绿色食品，不含防腐剂，您吃的放心是我们的荣幸'),(10117,1,'2','康师傅秘制香菇卤香牛肉面 103克 袋装',2.50,'/Public/img/goods/23.jpg','http://pic29.nipic.com/20130525/5890690_184803578000_2.jpg,http://pica.nipic.com/2007-12-19/2007121911592513_2.jpg,http://pic22.nipic.com/20120720/8989765_092835333150_2.jpg','2015-04-22 00:00:00',0,'3.3kg/箱',2,'泡面，方便面，速食，袋装',101,NULL,500,4208,'所有食品都是绿色食品，不含防腐剂，您吃的放心是我们的荣幸'),(10118,2,'2','统一100精炖番茄牛肉面 100克 面饼85克',2.50,'/Public/img/goods/10584128_131324463183_2.jpg','http://pic29.nipic.com/20130525/5890690_184803578000_2.jpg,http://pica.nipic.com/2007-12-19/2007121911592513_2.jpg,http://pic22.nipic.com/20120720/8989765_092835333150_2.jpg','2015-04-22 00:00:00',0,'3.3kg/箱',2,'泡面，方便面，速食，袋装',502,NULL,500,500,'所有食品都是绿色食品，不含防腐剂，您吃的放心是我们的荣幸'),(10119,1,'2','康师傅红烧排骨面 102克 面饼82.5克',2.50,'/Public/img/goods/W020150327373576406347.jpg','http://pic29.nipic.com/20130525/5890690_184803578000_2.jpg,http://pica.nipic.com/2007-12-19/2007121911592513_2.jpg,http://pic22.nipic.com/20120720/8989765_092835333150_2.jpg','2015-04-22 00:00:00',0,'3.3kg/箱',2,'泡面，方便面，速食，袋装',101,NULL,500,4208,'所有食品都是绿色食品，不含防腐剂，您吃的放心是我们的荣幸'),(10120,1,'2','康师傅爆椒牛肉面 102克 面饼82.5克',2.50,'/Public/img/goods/23.jpg','http://pic29.nipic.com/20130525/5890690_184803578000_2.jpg,http://pica.nipic.com/2007-12-19/2007121911592513_2.jpg,http://pic22.nipic.com/20120720/8989765_092835333150_2.jpg','2015-05-06 00:00:00',0,'3.3kg/箱',2,'泡面，方便面，速食，袋装',101,NULL,500,4208,'所有食品都是绿色食品，不含防腐剂，您吃的放心是我们的荣幸'),(10121,1,'2','康师傅老陈醋 酸辣牛肉面 面饼加配料111克袋装',2.50,'/Public/img/goods/9280c8519530206c.jpg','http://pic29.nipic.com/20130525/5890690_184803578000_2.jpg,http://pica.nipic.com/2007-12-19/2007121911592513_2.jpg,http://pic22.nipic.com/20120720/8989765_092835333150_2.jpg','2015-04-22 00:00:00',0,'3.3kg/箱',2,'泡面，方便面，速食，袋装',101,NULL,500,4208,'所有食品都是绿色食品，不含防腐剂，您吃的放心是我们的荣幸'),(10122,1,'2','康师傅西红柿鸡蛋打卤面 104克 82.5袋装',2.50,'/Public/img/goods/23.jpg','http://pic29.nipic.com/20130525/5890690_184803578000_2.jpg,http://pica.nipic.com/2007-12-19/2007121911592513_2.jpg,http://pic22.nipic.com/20120720/8989765_092835333150_2.jpg','2015-04-22 00:00:00',0,'3.3kg/箱',2,'泡面，方便面，速食，袋装',101,NULL,500,4208,'所有食品都是绿色食品，不含防腐剂，您吃的放心是我们的荣幸'),(10123,1,'2','康师傅秘制香菇 辣 卤香牛肉面104克袋装',2.50,'/Public/img/goods/10584128_131324463183_2.jpg','http://pic29.nipic.com/20130525/5890690_184803578000_2.jpg,http://pica.nipic.com/2007-12-19/2007121911592513_2.jpg,http://pic22.nipic.com/20120720/8989765_092835333150_2.jpg','2015-04-22 00:00:00',0,'3.3kg/箱',2,'泡面，方便面，速食，袋装',101,NULL,500,4208,'所有食品都是绿色食品，不含防腐剂，您吃的放心是我们的荣幸'),(10124,1,'2','康师傅 老坛酸菜 鲜虾面118克袋装',2.50,'/Public/img/goods/W020150327373576406347.jpg','http://pic29.nipic.com/20130525/5890690_184803578000_2.jpg,http://pica.nipic.com/2007-12-19/2007121911592513_2.jpg,http://pic22.nipic.com/20120720/8989765_092835333150_2.jpg','2015-04-22 00:00:00',0,'3.3kg/箱',2,'泡面，方便面，速食，袋装',101,NULL,500,4208,'所有食品都是绿色食品，不含防腐剂，您吃的放心是我们的荣幸'),(10125,1,'2','康师傅 老坛酸菜 排骨面119克袋装',2.50,'/Public/img/goods/23.jpg','http://pic29.nipic.com/20130525/5890690_184803578000_2.jpg,http://pica.nipic.com/2007-12-19/2007121911592513_2.jpg,http://pic22.nipic.com/20120720/8989765_092835333150_2.jpg','2015-04-22 00:00:00',0,'3.3kg/箱',2,'泡面，方便面，速食，袋装',101,NULL,500,4208,'所有食品都是绿色食品，不含防腐剂，您吃的放心是我们的荣幸'),(10126,1,'2','康师傅香辣牛肉面101克 活力新包装袋装',2.50,'/Public/img/goods/9280c8519530206c.jpg','http://pic29.nipic.com/20130525/5890690_184803578000_2.jpg,http://pica.nipic.com/2007-12-19/2007121911592513_2.jpg,http://pic22.nipic.com/20120720/8989765_092835333150_2.jpg','2015-04-22 00:00:00',0,'3.3kg/箱',2,'泡面，方便面，速食，袋装',101,NULL,500,4208,'所有食品都是绿色食品，不含防腐剂，您吃的放心是我们的荣幸'),(10127,1,'2','康师傅鲜脆雪笋 炒肉丝面126克袋装',2.50,'/Public/img/goods/23.jpg','http://pic29.nipic.com/20130525/5890690_184803578000_2.jpg,http://pica.nipic.com/2007-12-19/2007121911592513_2.jpg,http://pic22.nipic.com/20120720/8989765_092835333150_2.jpg','2015-04-22 00:00:00',0,'3.3kg/箱',2,'泡面，方便面，速食，袋装',101,NULL,500,4208,'所有食品都是绿色食品，不含防腐剂，您吃的放心是我们的荣幸'),(10128,1,'2','康师傅 鲜香菇鸡蛋打卤面 100克袋装',2.50,'/Public/img/goods/10584128_131324463183_2.jpg','http://pic29.nipic.com/20130525/5890690_184803578000_2.jpg,http://pica.nipic.com/2007-12-19/2007121911592513_2.jpg,http://pic22.nipic.com/20120720/8989765_092835333150_2.jpg','2015-04-22 00:00:00',0,'3.3kg/箱',2,'泡面，方便面，速食，袋装',101,NULL,500,4208,'所有食品都是绿色食品，不含防腐剂，您吃的放心是我们的荣幸'),(10129,1,'2','康师傅老坛泡椒 牛肉面103克',2.50,'/Public/img/goods/W020150327373576406347.jpg','http://pic29.nipic.com/20130525/5890690_184803578000_2.jpg,http://pica.nipic.com/2007-12-19/2007121911592513_2.jpg,http://pic22.nipic.com/20120720/8989765_092835333150_2.jpg','2015-04-22 00:00:00',0,'3.3kg/箱',2,'泡面，方便面，速食，袋装',101,NULL,500,4208,'所有食品都是绿色食品，不含防腐剂，您吃的放心是我们的荣幸'),(10130,2,'2','康师傅鲜虾鱼板面 清爽鲜滋味 96克袋装',2.50,'/Public/img/goods/23.jpg','http://pic29.nipic.com/20130525/5890690_184803578000_2.jpg,http://pica.nipic.com/2007-12-19/2007121911592513_2.jpg,http://pic22.nipic.com/20120720/8989765_092835333150_2.jpg','2015-04-22 00:00:00',0,'3.3kg/箱',2,'泡面，方便面，速食，袋装',502,NULL,500,500,'所有食品都是绿色食品，不含防腐剂，您吃的放心是我们的荣幸'),(10131,1,'2','统一老坛酸菜牛肉面 统一100',2.50,'/Public/img/goods/9280c8519530206c.jpg','http://pic29.nipic.com/20130525/5890690_184803578000_2.jpg,http://pica.nipic.com/2007-12-19/2007121911592513_2.jpg,http://pic22.nipic.com/20120720/8989765_092835333150_2.jpg','2015-04-22 00:00:00',0,'3.3kg/箱',2,'泡面，方便面，速食，袋装',101,NULL,500,4208,'所有食品都是绿色食品，不含防腐剂，您吃的放心是我们的荣幸'),(10132,1,'2','统一老坛酸豆角排骨面 110克袋装',2.50,'/Public/img/goods/23.jpg','http://pic29.nipic.com/20130525/5890690_184803578000_2.jpg,http://pica.nipic.com/2007-12-19/2007121911592513_2.jpg,http://pic22.nipic.com/20120720/8989765_092835333150_2.jpg','2015-04-22 00:00:00',0,'3.3kg/箱',2,'泡面，方便面，速食，袋装',101,NULL,500,4208,'所有食品都是绿色食品，不含防腐剂，您吃的放心是我们的荣幸'),(10133,1,'2','统一老坛酸菜鱼面118克袋装',2.50,'/Public/img/goods/10584128_131324463183_2.jpg','http://pic29.nipic.com/20130525/5890690_184803578000_2.jpg,http://pica.nipic.com/2007-12-19/2007121911592513_2.jpg,http://pic22.nipic.com/20120720/8989765_092835333150_2.jpg','2015-04-22 00:00:00',0,'3.3kg/箱',2,'泡面，方便面，速食，袋装',101,NULL,500,4208,'所有食品都是绿色食品，不含防腐剂，您吃的放心是我们的荣幸'),(10134,1,'2','统一老坛酸菜牛肉面 芒果在里面 121克袋装',2.50,'/Public/img/goods/W020150327373576406347.jpg','http://pic29.nipic.com/20130525/5890690_184803578000_2.jpg,http://pica.nipic.com/2007-12-19/2007121911592513_2.jpg,http://pic22.nipic.com/20120720/8989765_092835333150_2.jpg','2015-04-22 00:00:00',0,'3.3kg/箱',2,'泡面，方便面，速食，袋装',101,NULL,500,4206,'所有食品都是绿色食品，不含防腐剂，您吃的放心是我们的荣幸'),(10135,1,'2','康师傅红烧牛肉面100克袋装',2.50,'/Public/img/goods/23.jpg','http://pic29.nipic.com/20130525/5890690_184803578000_2.jpg,http://pica.nipic.com/2007-12-19/2007121911592513_2.jpg,http://pic22.nipic.com/20120720/8989765_092835333150_2.jpg','2015-04-22 00:00:00',0,'3.3kg/箱',2,'泡面，方便面，速食，袋装',101,NULL,500,4208,'所有食品都是绿色食品，不含防腐剂，您吃的放心是我们的荣幸'),(10136,1,'2','统一卤肉面 辣香在里面112克袋装',2.50,'/Public/img/goods/9280c8519530206c.jpg','http://pic29.nipic.com/20130525/5890690_184803578000_2.jpg,http://pica.nipic.com/2007-12-19/2007121911592513_2.jpg,http://pic22.nipic.com/20120720/8989765_092835333150_2.jpg','2015-04-22 00:00:00',0,'3.3kg/箱',2,'泡面，方便面，速食，袋装',101,NULL,500,4208,'所有食品都是绿色食品，不含防腐剂，您吃的放心是我们的荣幸'),(10137,2,'2','统一100香辣牛肉面100克袋装',2.50,'/Public/img/goods/23.jpg','http://pic29.nipic.com/20130525/5890690_184803578000_2.jpg,http://pica.nipic.com/2007-12-19/2007121911592513_2.jpg,http://pic22.nipic.com/20120720/8989765_092835333150_2.jpg','2015-04-22 00:00:00',0,'3.3kg/箱',2,'泡面，方便面，速食，袋装',502,NULL,500,498,'所有食品都是绿色食品，不含防腐剂，您吃的放心是我们的荣幸'),(10138,1,'2','康师傅香菇炖鸡面 炖出真滋味 98克袋装',2.50,'/Public/img/goods/10584128_131324463183_2.jpg','http://pic29.nipic.com/20130525/5890690_184803578000_2.jpg,http://pica.nipic.com/2007-12-19/2007121911592513_2.jpg,http://pic22.nipic.com/20120720/8989765_092835333150_2.jpg','2015-04-22 00:00:00',0,'3.3kg/箱',2,'泡面，方便面，速食，袋装',101,NULL,500,4208,'所有食品都是绿色食品，不含防腐剂，您吃的放心是我们的荣幸'),(10139,1,'2','康师傅老坛酸菜牛肉面116克袋装',2.50,'/Public/img/goods/W020150327373576406347.jpg','http://pic29.nipic.com/20130525/5890690_184803578000_2.jpg,http://pica.nipic.com/2007-12-19/2007121911592513_2.jpg,http://pic22.nipic.com/20120720/8989765_092835333150_2.jpg','2015-04-22 00:00:00',0,'3.3kg/箱',2,'泡面，方便面，速食，袋装',101,NULL,500,4207,'所有食品都是绿色食品，不含防腐剂，您吃的放心是我们的荣幸'),(10140,1,'2','康师傅老坛泡椒竹笋鸡面105克袋装',2.50,'/Public/img/goods/23.jpg','http://pic29.nipic.com/20130525/5890690_184803578000_2.jpg,http://pica.nipic.com/2007-12-19/2007121911592513_2.jpg,http://pic22.nipic.com/20120720/8989765_092835333150_2.jpg','2015-04-22 00:00:00',0,'3.3kg/箱',2,'泡面，方便面，速食，袋装',101,NULL,500,4208,'所有食品都是绿色食品，不含防腐剂，您吃的放心是我们的荣幸'),(10141,1,'2','稻花香 香辣牛肉味 过桥米线 108克袋装',4.00,'/Public/img/goods/9280c8519530206c.jpg','http://pic29.nipic.com/20130525/5890690_184803578000_2.jpg,http://pica.nipic.com/2007-12-19/2007121911592513_2.jpg,http://pic22.nipic.com/20120720/8989765_092835333150_2.jpg','2015-04-22 00:00:00',0,'3.3kg/箱',2,'泡面，方便面，速食，袋装',101,NULL,500,4208,'所有食品都是绿色食品，不含防腐剂，您吃的放心是我们的荣幸'),(10142,1,'2','康师傅香辣牛肉面大食袋 125克',3.00,'/Public/img/goods/23.jpg','http://pic29.nipic.com/20130525/5890690_184803578000_2.jpg,http://pica.nipic.com/2007-12-19/2007121911592513_2.jpg,http://pic22.nipic.com/20120720/8989765_092835333150_2.jpg','2015-04-22 00:00:00',0,'3.3kg/箱',2,'泡面，方便面，速食，袋装',101,NULL,500,4208,'所有食品都是绿色食品，不含防腐剂，您吃的放心是我们的荣幸'),(10143,1,'2','康师傅老坛酸菜牛肉面大食袋 147克袋装',3.00,'/Public/img/goods/10584128_131324463183_2.jpg','http://pic29.nipic.com/20130525/5890690_184803578000_2.jpg,http://pica.nipic.com/2007-12-19/2007121911592513_2.jpg,http://pic22.nipic.com/20120720/8989765_092835333150_2.jpg','2015-04-22 00:00:00',0,'3.3kg/箱',2,'泡面，方便面，速食，袋装',101,NULL,500,4208,'所有食品都是绿色食品，不含防腐剂，您吃的放心是我们的荣幸'),(10144,1,'2','康师傅红烧牛肉面大食袋125克',3.00,'/Public/img/goods/W020150327373576406347.jpg','http://pic29.nipic.com/20130525/5890690_184803578000_2.jpg,http://pica.nipic.com/2007-12-19/2007121911592513_2.jpg,http://pic22.nipic.com/20120720/8989765_092835333150_2.jpg','2015-04-22 00:00:00',0,'3.3kg/箱',2,'泡面，方便面，速食，袋装',101,NULL,500,4208,'所有食品都是绿色食品，不含防腐剂，您吃的放心是我们的荣幸'),(10145,1,'2','农心乌龙面 乌冬汤味120克袋装',4.00,'/Public/img/goods/23.jpg','http://pic29.nipic.com/20130525/5890690_184803578000_2.jpg,http://pica.nipic.com/2007-12-19/2007121911592513_2.jpg,http://pic22.nipic.com/20120720/8989765_092835333150_2.jpg','2015-04-26 00:00:00',0,'3.3kg/箱',2,'泡面，方便面，速食，袋装，爆款',101,NULL,500,4118,'所有食品都是绿色食品，不含防腐剂，您吃的放心是我们的荣幸'),(10202,1,'178','乡巴佬卤蛋30g',1.50,'/Public/img/goods/23.jpg','http://pic29.nipic.com/20130525/5890690_184803578000_2.jpg,http://pica.nipic.com/2007-12-19/2007121911592513_2.jpg,http://pic22.nipic.com/20120720/8989765_092835333150_2.jpg','2015-04-22 00:00:00',0,'3.3kg/箱',2,'卤蛋，速食',102,NULL,500,4208,'所有食品都是绿色食品，不含防腐剂，您吃的放心是我们的荣幸'),(10203,1,'178','双汇玉米热狗肠40g 单支',1.00,'/Public/img/goods/10584128_131324463183_2.jpg','http://pic29.nipic.com/20130525/5890690_184803578000_2.jpg,http://pica.nipic.com/2007-12-19/2007121911592513_2.jpg,http://pic22.nipic.com/20120720/8989765_092835333150_2.jpg','2015-04-22 00:00:00',0,'3.3kg/箱',2,'火腿肠，烤肠，肠，速食',102,NULL,500,4208,'所有食品都是绿色食品，不含防腐剂，您吃的放心是我们的荣幸'),(10204,1,'178','劲辣鸭脖23g',1.50,'/Public/img/goods/W020150327373576406347.jpg','http://pic29.nipic.com/20130525/5890690_184803578000_2.jpg,http://pica.nipic.com/2007-12-19/2007121911592513_2.jpg,http://pic22.nipic.com/20120720/8989765_092835333150_2.jpg','2015-05-04 00:00:00',0,'3.3kg/箱',2,'辣食，速食，鸭脖',102,NULL,500,4208,'所有食品都是绿色食品，不含防腐剂，您吃的放心是我们的荣幸'),(10205,1,'178','双汇台式香肠48g',2.50,'/Public/img/goods/23.jpg','http://pic29.nipic.com/20130525/5890690_184803578000_2.jpg,http://pica.nipic.com/2007-12-19/2007121911592513_2.jpg,http://pic22.nipic.com/20120720/8989765_092835333150_2.jpg','2015-04-22 00:00:00',0,'3.3kg/箱',2,'香肠，火腿，速食',102,NULL,500,4208,'所有食品都是绿色食品，不含防腐剂，您吃的放心是我们的荣幸'),(10206,1,'178','双汇润口香甜玉米香肠30g*9',8.00,'/Public/img/goods/9280c8519530206c.jpg','http://pic29.nipic.com/20130525/5890690_184803578000_2.jpg,http://pica.nipic.com/2007-12-19/2007121911592513_2.jpg,http://pic22.nipic.com/20120720/8989765_092835333150_2.jpg','2015-04-22 00:00:00',0,'3.3kg/箱',2,'火腿肠，烤肠，肠，速食',102,NULL,500,4208,'所有食品都是绿色食品，不含防腐剂，您吃的放心是我们的荣幸'),(10207,1,'178','双汇Q趣火腿肠85g',2.00,'/Public/img/goods/23.jpg','http://pic29.nipic.com/20130525/5890690_184803578000_2.jpg,http://pica.nipic.com/2007-12-19/2007121911592513_2.jpg,http://pic22.nipic.com/20120720/8989765_092835333150_2.jpg','2015-04-22 00:00:00',0,'3.3kg/箱',2,'火腿肠，烤肠，肠，速食',102,NULL,500,4208,'所有食品都是绿色食品，不含防腐剂，您吃的放心是我们的荣幸'),(10209,1,'178','统一老坛酸菜牛肉面桶装 速食 方便面',4.00,'/Public/img/goods/W020150327373576406347.jpg','http://pic29.nipic.com/20130525/5890690_184803578000_2.jpg,http://pica.nipic.com/2007-12-19/2007121911592513_2.jpg,http://pic22.nipic.com/20120720/8989765_092835333150_2.jpg','2015-05-06 00:00:00',0,'3.3kg/箱',2,'泡面，方便面，速食',102,NULL,500,4208,'所有食品都是绿色食品，不含防腐剂，您吃的放心是我们的荣幸'),(10210,1,'178','康师傅老坛泡椒竹笋鸡面 115g 桶装',4.00,'/Public/img/goods/23.jpg','http://pic29.nipic.com/20130525/5890690_184803578000_2.jpg,http://pica.nipic.com/2007-12-19/2007121911592513_2.jpg,http://pic22.nipic.com/20120720/8989765_092835333150_2.jpg','2015-04-30 00:00:00',0,'3.3kg/箱',2,'泡面，方便面，速食',102,NULL,500,4208,'所有食品都是绿色食品，不含防腐剂，您吃的放心是我们的荣幸'),(10301,3,'178','亲嘴烧 卫龙',1.00,'/Public/img/goods/9280c8519530206c.jpg','http://pic29.nipic.com/20130525/5890690_184803578000_2.jpg,http://pica.nipic.com/2007-12-19/2007121911592513_2.jpg,http://pic22.nipic.com/20120720/8989765_092835333150_2.jpg','2015-05-06 00:00:00',0,'3.3kg/箱',2,'辣条，豆干，方便速食，爆款',103,NULL,500,4202,'所有食品都是绿色食品，不含防腐剂，您吃的放心是我们的荣幸'),(10302,3,'178','卫龙辣条 128g',2.50,'/Public/img/goods/23.jpg','http://pic29.nipic.com/20130525/5890690_184803578000_2.jpg,http://pica.nipic.com/2007-12-19/2007121911592513_2.jpg,http://pic22.nipic.com/20120720/8989765_092835333150_2.jpg','2015-04-28 00:00:00',0,'3.3kg/箱',2,'辣条，豆干，方便速食',103,NULL,500,4208,'所有食品都是绿色食品，不含防腐剂，您吃的放心是我们的荣幸'),(10401,3,'2','甜玉米 香肠 45g',1.50,'/Public/img/goods/9280c8519530206c.jpg','http://pic29.nipic.com/20130525/5890690_184803578000_2.jpg,http://pica.nipic.com/2007-12-19/2007121911592513_2.jpg,http://pic22.nipic.com/20120720/8989765_092835333150_2.jpg','2015-04-30 00:00:00',0,'3.3kg/箱',2,'香肠，火腿，速食，肉干肉脯',104,NULL,500,4208,'所有食品都是绿色食品，不含防腐剂，您吃的放心是我们的荣幸'),(10402,3,'2','双汇王中王 火腿 35g',1.00,'/Public/img/goods/23.jpg','http://pic29.nipic.com/20130525/5890690_184803578000_2.jpg,http://pica.nipic.com/2007-12-19/2007121911592513_2.jpg,http://pic22.nipic.com/20120720/8989765_092835333150_2.jpg','2015-04-26 00:00:00',0,'3.3kg/箱',2,'火腿肠，烤肠，肠，速食，肉干肉脯，爆款',104,NULL,500,4208,'所有食品都是绿色食品，不含防腐剂，您吃的放心是我们的荣幸'),(10403,3,'2','双汇王中王 火腿 70g',2.00,'/Public/img/goods/10584128_131324463183_2.jpg','http://pic29.nipic.com/20130525/5890690_184803578000_2.jpg,http://pica.nipic.com/2007-12-19/2007121911592513_2.jpg,http://pic22.nipic.com/20120720/8989765_092835333150_2.jpg','2015-04-20 00:00:00',0,'3.3kg/箱',2,'火腿肠，烤肠，肠，速食，肉干肉脯',104,NULL,500,4208,'所有食品都是绿色食品，不含防腐剂，您吃的放心是我们的荣幸'),(10404,3,'2','润口香甜王 香肠 48g',1.00,'/Public/img/goods/W020150327373576406347.jpg','http://pic29.nipic.com/20130525/5890690_184803578000_2.jpg,http://pica.nipic.com/2007-12-19/2007121911592513_2.jpg,http://pic22.nipic.com/20120720/8989765_092835333150_2.jpg','2015-04-20 00:00:00',0,'3.3kg/箱',2,'火腿肠，烤肠，肠，速食，肉干肉脯',104,NULL,500,4208,'所有食品都是绿色食品，不含防腐剂，您吃的放心是我们的荣幸'),(10405,3,'2','双汇鸡肉肠 70g',1.20,'/Public/img/goods/23.jpg','http://pic29.nipic.com/20130525/5890690_184803578000_2.jpg,http://pica.nipic.com/2007-12-19/2007121911592513_2.jpg,http://pic22.nipic.com/20120720/8989765_092835333150_2.jpg','2015-04-20 00:00:00',0,'3.3kg/箱',2,'火腿肠，烤肠，肠，速食，肉干肉脯',104,NULL,500,4208,'所有食品都是绿色食品，不含防腐剂，您吃的放心是我们的荣幸'),(10406,3,'2','润口香甜王 香肠 95g',2.50,'/Public/img/goods/9280c8519530206c.jpg','http://pic29.nipic.com/20130525/5890690_184803578000_2.jpg,http://pica.nipic.com/2007-12-19/2007121911592513_2.jpg,http://pic22.nipic.com/20120720/8989765_092835333150_2.jpg','2015-04-20 00:00:00',0,'3.3kg/箱',2,'火腿肠，烤肠，肠，速食，肉干肉脯',104,NULL,500,4208,'所有食品都是绿色食品，不含防腐剂，您吃的放心是我们的荣幸'),(10407,3,'2','双汇 肉花肠 90g',2.00,'/Public/img/goods/23.jpg','http://pic29.nipic.com/20130525/5890690_184803578000_2.jpg,http://pica.nipic.com/2007-12-19/2007121911592513_2.jpg,http://pic22.nipic.com/20120720/8989765_092835333150_2.jpg','2015-04-20 00:00:00',0,'3.3kg/箱',2,'火腿肠，烤肠，肠，速食，肉干肉脯',104,NULL,500,4208,'所有食品都是绿色食品，不含防腐剂，您吃的放心是我们的荣幸'),(10408,3,'2','双汇 汇享来 火腿肠 150g',2.50,'/Public/img/goods/10584128_131324463183_2.jpg','http://pic29.nipic.com/20130525/5890690_184803578000_2.jpg,http://pica.nipic.com/2007-12-19/2007121911592513_2.jpg,http://pic22.nipic.com/20120720/8989765_092835333150_2.jpg','2015-04-20 00:00:00',0,'3.3kg/箱',2,'火腿肠，烤肠，肠，速食，肉干肉脯',104,NULL,500,4208,'所有食品都是绿色食品，不含防腐剂，您吃的放心是我们的荣幸'),(10409,3,'2','泡面拍档 香肠 90g',2.50,'/Public/img/goods/W020150327373576406347.jpg','http://pic29.nipic.com/20130525/5890690_184803578000_2.jpg,http://pica.nipic.com/2007-12-19/2007121911592513_2.jpg,http://pic22.nipic.com/20120720/8989765_092835333150_2.jpg','2015-04-30 00:00:00',0,'3.3kg/箱',2,'火腿肠，烤肠，肠，速食，肉干肉脯',104,NULL,500,4208,'所有食品都是绿色食品，不含防腐剂，您吃的放心是我们的荣幸'),(10410,3,'2','弹脆 香肠 70g',2.00,'/Public/img/goods/23.jpg','http://pic29.nipic.com/20130525/5890690_184803578000_2.jpg,http://pica.nipic.com/2007-12-19/2007121911592513_2.jpg,http://pic22.nipic.com/20120720/8989765_092835333150_2.jpg','2015-04-20 00:00:00',0,'3.3kg/箱',2,'火腿肠，烤肠，肠，速食，肉干肉脯',104,NULL,500,4208,'所有食品都是绿色食品，不含防腐剂，您吃的放心是我们的荣幸'),(10411,3,'2','双汇 香辣香脆肠',1.50,'/Public/img/goods/9280c8519530206c.jpg','http://pic29.nipic.com/20130525/5890690_184803578000_2.jpg,http://pica.nipic.com/2007-12-19/2007121911592513_2.jpg,http://pic22.nipic.com/20120720/8989765_092835333150_2.jpg','2015-04-20 00:00:00',0,'3.3kg/箱',2,'火腿肠，烤肠，肠，速食，肉干肉脯',104,NULL,500,4208,'所有食品都是绿色食品，不含防腐剂，您吃的放心是我们的荣幸'),(10412,3,'2','双汇 玉米热狗肠',1.20,'/Public/img/goods/23.jpg','http://pic29.nipic.com/20130525/5890690_184803578000_2.jpg,http://pica.nipic.com/2007-12-19/2007121911592513_2.jpg,http://pic22.nipic.com/20120720/8989765_092835333150_2.jpg','2015-04-20 00:00:00',0,'3.3kg/箱',2,'火腿肠，烤肠，肠，速食，肉干肉脯',104,NULL,500,4208,'所有食品都是绿色食品，不含防腐剂，您吃的放心是我们的荣幸'),(10413,3,'2','双汇 润口香甜王 玉米风味香肠 一包',8.00,'/Public/img/goods/10584128_131324463183_2.jpg','http://pic29.nipic.com/20130525/5890690_184803578000_2.jpg,http://pica.nipic.com/2007-12-19/2007121911592513_2.jpg,http://pic22.nipic.com/20120720/8989765_092835333150_2.jpg','2015-04-20 00:00:00',0,'3.3kg/箱',2,'火腿肠，烤肠，肠，速食，肉干肉脯',104,NULL,500,4208,'所有食品都是绿色食品，不含防腐剂，您吃的放心是我们的荣幸'),(10414,3,'2','双汇 泡面拍档 香肠 一包',7.00,'/Public/img/goods/W020150327373576406347.jpg','http://pic29.nipic.com/20130525/5890690_184803578000_2.jpg,http://pica.nipic.com/2007-12-19/2007121911592513_2.jpg,http://pic22.nipic.com/20120720/8989765_092835333150_2.jpg','2015-04-26 00:00:00',0,'3.3kg/箱',2,'火腿肠，烤肠，肠，速食，肉干肉脯，爆款',104,NULL,500,4208,'所有食品都是绿色食品，不含防腐剂，您吃的放心是我们的荣幸'),(10415,3,'2','双汇 蒜蓉烤肠 105g',3.50,'/Public/img/goods/23.jpg','http://pic29.nipic.com/20130525/5890690_184803578000_2.jpg,http://pica.nipic.com/2007-12-19/2007121911592513_2.jpg,http://pic22.nipic.com/20120720/8989765_092835333150_2.jpg','2015-04-20 00:00:00',0,'3.3kg/箱',2,'火腿肠，烤肠，肠，速食，肉干肉脯',104,NULL,500,4208,'所有食品都是绿色食品，不含防腐剂，您吃的放心是我们的荣幸'),(10416,3,'2','吾必香 爆蜡 鸭脖 20g',1.50,'/Public/img/goods/9280c8519530206c.jpg','http://pic29.nipic.com/20130525/5890690_184803578000_2.jpg,http://pica.nipic.com/2007-12-19/2007121911592513_2.jpg,http://pic22.nipic.com/20120720/8989765_092835333150_2.jpg','2015-04-20 00:00:00',0,'3.3kg/箱',2,'火腿肠，烤肠，肠，速食，肉干肉脯',104,NULL,500,4208,'所有食品都是绿色食品，不含防腐剂，您吃的放心是我们的荣幸'),(10418,3,'2','乡巴佬 卤蛋',1.50,'/Public/img/goods/10584128_131324463183_2.jpg','http://pic29.nipic.com/20130525/5890690_184803578000_2.jpg,http://pica.nipic.com/2007-12-19/2007121911592513_2.jpg,http://pic22.nipic.com/20120720/8989765_092835333150_2.jpg','2015-04-20 00:00:00',0,'3.3kg/箱',2,'火腿肠，卤蛋，烤肠，肠，速食，肉干肉脯',104,NULL,500,4208,'所有食品都是绿色食品，不含防腐剂，您吃的放心是我们的荣幸'),(10502,1,'178','乐天巧克力牛奶 200ml 韩国进口',6.50,'/Public/img/goods/23.jpg','http://pic29.nipic.com/20130525/5890690_184803578000_2.jpg,http://pica.nipic.com/2007-12-19/2007121911592513_2.jpg,http://pic22.nipic.com/20120720/8989765_092835333150_2.jpg','2015-04-30 00:00:00',0,'3.3kg/箱',2,'牛奶，进口，特色',105,NULL,500,4102,'所有食品都是绿色食品，不含防腐剂，您吃的放心是我们的荣幸'),(10503,1,'178','乐天香蕉牛奶 200ml 韩国进口',6.50,'/Public/img/goods/10584128_131324463183_2.jpg','http://pic29.nipic.com/20130525/5890690_184803578000_2.jpg,http://pica.nipic.com/2007-12-19/2007121911592513_2.jpg,http://pic22.nipic.com/20120720/8989765_092835333150_2.jpg','2015-04-30 00:00:00',0,'3.3kg/箱',2,'牛奶，进口，特色',105,NULL,500,-8993,'所有食品都是绿色食品，不含防腐剂，您吃的放心是我们的荣幸'),(10504,1,'178','绿力500 芒果汁 490ml',6.00,'/Public/img/goods/W020150327373576406347.jpg','http://pic29.nipic.com/20130525/5890690_184803578000_2.jpg,http://pica.nipic.com/2007-12-19/2007121911592513_2.jpg,http://pic22.nipic.com/20120720/8989765_092835333150_2.jpg','2015-05-05 00:00:00',0,'3.3kg/箱',2,'进口，咖啡饮料，特色',105,NULL,500,4197,'所有食品都是绿色食品，不含防腐剂，您吃的放心是我们的荣幸'),(10505,1,'178','明屋木瓜牛奶',10.00,'/Public/img/goods/23.jpg','http://pic29.nipic.com/20130525/5890690_184803578000_2.jpg,http://pica.nipic.com/2007-12-19/2007121911592513_2.jpg,http://pic22.nipic.com/20120720/8989765_092835333150_2.jpg','2015-05-05 00:00:00',0,'3.3kg/箱',2,'牛奶，进口，上新，咖饮料啡',105,NULL,500,4175,'所有食品都是绿色食品，不含防腐剂，您吃的放心是我们的荣幸'),(10506,1,'178','葡萄干曲奇饼干 90g',10.00,'/Public/img/goods/9280c8519530206c.jpg','http://pic29.nipic.com/20130525/5890690_184803578000_2.jpg,http://pica.nipic.com/2007-12-19/2007121911592513_2.jpg,http://pic22.nipic.com/20120720/8989765_092835333150_2.jpg','2015-04-30 00:00:00',0,'3.3kg/箱',2,'进口，饼干糕点，热卖',105,NULL,500,4208,'所有食品都是绿色食品，不含防腐剂，您吃的放心是我们的荣幸'),(10507,1,'178','7D芒果干 100g',8.50,'/Public/img/goods/23.jpg','http://pic29.nipic.com/20130525/5890690_184803578000_2.jpg,http://pica.nipic.com/2007-12-19/2007121911592513_2.jpg,http://pic22.nipic.com/20120720/8989765_092835333150_2.jpg','2015-04-30 00:00:00',0,'3.3kg/箱',2,'进口，特色，糖果',105,NULL,500,4197,'所有食品都是绿色食品，不含防腐剂，您吃的放心是我们的荣幸'),(10601,1,'178','黄桃水罐头 500g （该商品当天送达）',19.00,'/Public/img/goods/9280c8519530206c.jpg','http://pic29.nipic.com/20130525/5890690_184803578000_2.jpg,http://pica.nipic.com/2007-12-19/2007121911592513_2.jpg,http://pic22.nipic.com/20120720/8989765_092835333150_2.jpg','2015-05-04 00:00:00',0,'3.3kg/箱',2,'进口，饮料，特色',106,NULL,500,4206,'所有食品都是绿色食品，不含防腐剂，您吃的放心是我们的荣幸'),(10602,1,'178','菠萝糖水罐头 210g（该商品当天送达）',17.00,'/Public/img/goods/23.jpg','http://pic29.nipic.com/20130525/5890690_184803578000_2.jpg,http://pica.nipic.com/2007-12-19/2007121911592513_2.jpg,http://pic22.nipic.com/20120720/8989765_092835333150_2.jpg','2015-05-04 00:00:00',0,'3.3kg/箱',2,'进口，饮料，特色',106,NULL,500,4208,'所有食品都是绿色食品，不含防腐剂，您吃的放心是我们的荣幸'),(10603,1,'178','香辣小银鱼 200g（该商品当天送达）',22.00,'/Public/img/goods/10584128_131324463183_2.jpg','http://pic29.nipic.com/20130525/5890690_184803578000_2.jpg,http://pica.nipic.com/2007-12-19/2007121911592513_2.jpg,http://pic22.nipic.com/20120720/8989765_092835333150_2.jpg','2015-05-04 00:00:00',0,'3.3kg/箱',2,'进口，饮料，特色',106,NULL,500,4208,'所有食品都是绿色食品，不含防腐剂，您吃的放心是我们的荣幸'),(10604,1,'178','椰蓉香蕉饼 200g（该商品当天送达）',23.00,'/Public/img/goods/W020150327373576406347.jpg','http://pic29.nipic.com/20130525/5890690_184803578000_2.jpg,http://pica.nipic.com/2007-12-19/2007121911592513_2.jpg,http://pic22.nipic.com/20120720/8989765_092835333150_2.jpg','2015-05-04 00:00:00',0,'3.3kg/箱',2,'进口，饮料，特色',106,NULL,500,4208,'所有食品都是绿色食品，不含防腐剂，您吃的放心是我们的荣幸'),(10605,1,'178','铁板奶酪鱿鱼丝 150g（该商品当天送达）',22.00,'/Public/img/goods/23.jpg','http://pic29.nipic.com/20130525/5890690_184803578000_2.jpg,http://pica.nipic.com/2007-12-19/2007121911592513_2.jpg,http://pic22.nipic.com/20120720/8989765_092835333150_2.jpg','2015-05-04 00:00:00',0,'3.3kg/箱',2,'进口，饮料，特色',106,NULL,500,4205,'所有食品都是绿色食品，不含防腐剂，您吃的放心是我们的荣幸'),(10607,1,'178','蔓越莓沙琪玛 205g（该商品当天送达）',23.00,'/Public/img/goods/23.jpg','http://pic29.nipic.com/20130525/5890690_184803578000_2.jpg,http://pica.nipic.com/2007-12-19/2007121911592513_2.jpg,http://pic22.nipic.com/20120720/8989765_092835333150_2.jpg','2015-05-04 00:00:00',0,'3.3kg/箱',2,'进口，特色，糖果',106,NULL,500,4208,'所有食品都是绿色食品，不含防腐剂，您吃的放心是我们的荣幸'),(10608,1,'178','蜜汁猪肉脯 250g（该商品当天送达）',25.00,'/Public/img/goods/10584128_131324463183_2.jpg','http://pic29.nipic.com/20130525/5890690_184803578000_2.jpg,http://pica.nipic.com/2007-12-19/2007121911592513_2.jpg,http://pic22.nipic.com/20120720/8989765_092835333150_2.jpg','2015-05-04 00:00:00',0,'3.3kg/箱',2,'进口，特色，糖果，肉干肉脯',106,NULL,500,4208,'所有食品都是绿色食品，不含防腐剂，您吃的放心是我们的荣幸'),(10609,1,'178','椰蓉糯米糕 380g（该商品当天送达）',22.00,'/Public/img/goods/W020150327373576406347.jpg','http://pic29.nipic.com/20130525/5890690_184803578000_2.jpg,http://pica.nipic.com/2007-12-19/2007121911592513_2.jpg,http://pic22.nipic.com/20120720/8989765_092835333150_2.jpg','2015-05-04 00:00:00',0,'3.3kg/箱',2,'进口，特色，糖果，肉干肉脯',106,NULL,500,4208,'所有食品都是绿色食品，不含防腐剂，您吃的放心是我们的荣幸'),(10610,1,'178','酸奶条 230g（该商品当天送达）',21.00,'/Public/img/goods/23.jpg','http://pic29.nipic.com/20130525/5890690_184803578000_2.jpg,http://pica.nipic.com/2007-12-19/2007121911592513_2.jpg,http://pic22.nipic.com/20120720/8989765_092835333150_2.jpg','2015-05-04 00:00:00',0,'3.3kg/箱',2,'进口，特色，糖果',106,NULL,500,4208,'所有食品都是绿色食品，不含防腐剂，您吃的放心是我们的荣幸'),(10611,1,'178','山楂球 280g（该商品当天送达）',17.00,'/Public/img/goods/9280c8519530206c.jpg','http://pic29.nipic.com/20130525/5890690_184803578000_2.jpg,http://pica.nipic.com/2007-12-19/2007121911592513_2.jpg,http://pic22.nipic.com/20120720/8989765_092835333150_2.jpg','2015-05-04 00:00:00',0,'3.3kg/箱',2,'进口，特色，糖果',106,NULL,500,4208,'所有食品都是绿色食品，不含防腐剂，您吃的放心是我们的荣幸'),(10612,1,'178','香蕉片 200g（该商品当天送达）',14.50,'/Public/img/goods/23.jpg','http://pic29.nipic.com/20130525/5890690_184803578000_2.jpg,http://pica.nipic.com/2007-12-19/2007121911592513_2.jpg,http://pic22.nipic.com/20120720/8989765_092835333150_2.jpg','2015-05-04 00:00:00',0,'3.3kg/箱',2,'进口，特色，糖果',106,NULL,500,4208,'所有食品都是绿色食品，不含防腐剂，您吃的放心是我们的荣幸'),(10613,1,'178','综合蔬果干 145g（该商品当天送达）',21.00,'/Public/img/goods/10584128_131324463183_2.jpg','http://pic29.nipic.com/20130525/5890690_184803578000_2.jpg,http://pica.nipic.com/2007-12-19/2007121911592513_2.jpg,http://pic22.nipic.com/20120720/8989765_092835333150_2.jpg','2015-05-04 00:00:00',0,'3.3kg/箱',2,'进口，特色，糖果',106,NULL,500,4208,'所有食品都是绿色食品，不含防腐剂，您吃的放心是我们的荣幸'),(10614,1,'178','肉松卷（一罐9个）180g',19.00,'/Public/img/goods/W020150327373576406347.jpg','http://pic29.nipic.com/20130525/5890690_184803578000_2.jpg,http://pica.nipic.com/2007-12-19/2007121911592513_2.jpg,http://pic22.nipic.com/20120720/8989765_092835333150_2.jpg','2015-05-04 00:00:00',0,'3.3kg/箱',2,'进口，特色，糖果',106,NULL,500,4208,'所有食品都是绿色食品，不含防腐剂，您吃的放心是我们的荣幸'),(10615,1,'178','独家牛肉 100g',22.00,'/Public/img/goods/23.jpg','http://pic29.nipic.com/20130525/5890690_184803578000_2.jpg,http://pica.nipic.com/2007-12-19/2007121911592513_2.jpg,http://pic22.nipic.com/20120720/8989765_092835333150_2.jpg','2015-05-04 00:00:00',0,'3.3kg/箱',2,'进口，特色，糖果，肉干肉脯',106,NULL,500,4208,'所有食品都是绿色食品，不含防腐剂，您吃的放心是我们的荣幸'),(10617,1,'178','香辣鳗鱼丝 200g',22.00,'/Public/img/goods/23.jpg','http://pic29.nipic.com/20130525/5890690_184803578000_2.jpg,http://pica.nipic.com/2007-12-19/2007121911592513_2.jpg,http://pic22.nipic.com/20120720/8989765_092835333150_2.jpg','2015-05-04 00:00:00',0,'3.3kg/箱',2,'进口，特色，糖果，肉干肉脯',106,NULL,500,4208,'所有食品都是绿色食品，不含防腐剂，您吃的放心是我们的荣幸'),(10618,1,'178','QQ金钱肉 250g',28.00,'/Public/img/goods/10584128_131324463183_2.jpg','http://pic29.nipic.com/20130525/5890690_184803578000_2.jpg,http://pica.nipic.com/2007-12-19/2007121911592513_2.jpg,http://pic22.nipic.com/20120720/8989765_092835333150_2.jpg','2015-05-04 00:00:00',0,'3.3kg/箱',2,'进口，特色，糖果，肉干肉脯',106,NULL,500,4208,'所有食品都是绿色食品，不含防腐剂，您吃的放心是我们的荣幸'),(10619,1,'178','水果燕麦片 240g',23.00,'/Public/img/goods/W020150327373576406347.jpg','http://pic29.nipic.com/20130525/5890690_184803578000_2.jpg,http://pica.nipic.com/2007-12-19/2007121911592513_2.jpg,http://pic22.nipic.com/20120720/8989765_092835333150_2.jpg','2015-05-04 00:00:00',0,'3.3kg/箱',2,'进口，饮料，特色',106,NULL,500,4208,'所有食品都是绿色食品，不含防腐剂，您吃的放心是我们的荣幸'),(10620,1,'178','花姑娘果脯 250g',23.00,'/Public/img/goods/23.jpg','http://pic29.nipic.com/20130525/5890690_184803578000_2.jpg,http://pica.nipic.com/2007-12-19/2007121911592513_2.jpg,http://pic22.nipic.com/20120720/8989765_092835333150_2.jpg','2015-05-04 00:00:00',0,'3.3kg/箱',2,'进口，特色，糖果，肉干肉脯',106,NULL,500,4208,'所有食品都是绿色食品，不含防腐剂，您吃的放心是我们的荣幸'),(10621,1,'178','甜甜圈 210g',22.00,'/Public/img/goods/9280c8519530206c.jpg','http://pic29.nipic.com/20130525/5890690_184803578000_2.jpg,http://pica.nipic.com/2007-12-19/2007121911592513_2.jpg,http://pic22.nipic.com/20120720/8989765_092835333150_2.jpg','2015-05-04 00:00:00',0,'3.3kg/箱',2,'进口，特色，糖果，肉干肉脯',106,NULL,500,4208,'所有食品都是绿色食品，不含防腐剂，您吃的放心是我们的荣幸'),(10622,1,'178','半边梅 250g',17.00,'/Public/img/goods/23.jpg','http://pic29.nipic.com/20130525/5890690_184803578000_2.jpg,http://pica.nipic.com/2007-12-19/2007121911592513_2.jpg,http://pic22.nipic.com/20120720/8989765_092835333150_2.jpg','2015-05-04 00:00:00',0,'3.3kg/箱',2,'进口，特色，糖果，肉干肉脯',106,NULL,500,4208,'所有食品都是绿色食品，不含防腐剂，您吃的放心是我们的荣幸'),(10623,1,'178','小金桔 280g',18.00,'/Public/img/goods/10584128_131324463183_2.jpg','http://pic29.nipic.com/20130525/5890690_184803578000_2.jpg,http://pica.nipic.com/2007-12-19/2007121911592513_2.jpg,http://pic22.nipic.com/20120720/8989765_092835333150_2.jpg','2015-05-04 00:00:00',0,'3.3kg/箱',2,'进口，特色，糖果，肉干肉脯',106,NULL,500,4205,'所有食品都是绿色食品，不含防腐剂，您吃的放心是我们的荣幸'),(10624,1,'178','酸奶梅 280g',19.00,'/Public/img/goods/W020150327373576406347.jpg','http://pic29.nipic.com/20130525/5890690_184803578000_2.jpg,http://pica.nipic.com/2007-12-19/2007121911592513_2.jpg,http://pic22.nipic.com/20120720/8989765_092835333150_2.jpg','2015-05-04 00:00:00',0,'3.3kg/箱',2,'进口，特色，糖果，肉干肉脯',106,NULL,500,4159,'所有食品都是绿色食品，不含防腐剂，您吃的放心是我们的荣幸'),(10625,1,'178','牛奶吐司 170g',21.00,'/Public/img/goods/23.jpg','http://pic29.nipic.com/20130525/5890690_184803578000_2.jpg,http://pica.nipic.com/2007-12-19/2007121911592513_2.jpg,http://pic22.nipic.com/20120720/8989765_092835333150_2.jpg','2015-05-04 00:00:00',0,'3.3kg/箱',2,'进口，特色，糖果，肉干肉脯',106,NULL,500,4192,'所有食品都是绿色食品，不含防腐剂，您吃的放心是我们的荣幸'),(10626,1,'178','冻玉米干 100g',19.00,'/Public/img/goods/9280c8519530206c.jpg','http://pic29.nipic.com/20130525/5890690_184803578000_2.jpg,http://pica.nipic.com/2007-12-19/2007121911592513_2.jpg,http://pic22.nipic.com/20120720/8989765_092835333150_2.jpg','2015-05-04 00:00:00',0,'3.3kg/箱',2,'进口，特色，糖果，肉干肉脯',106,NULL,500,4172,'所有食品都是绿色食品，不含防腐剂，您吃的放心是我们的荣幸'),(10701,1,'178','格力高 百奇巧克力味45g',6.00,'/Public/img/goods/9280c8519530206c.jpg','http://pic29.nipic.com/20130525/5890690_184803578000_2.jpg,http://pica.nipic.com/2007-12-19/2007121911592513_2.jpg,http://pic22.nipic.com/20120720/8989765_092835333150_2.jpg','2015-05-06 00:00:00',0,'3.3kg/箱',2,'进口，饼干糕点，热卖',107,NULL,500,4187,'所有食品都是绿色食品，不含防腐剂，您吃的放心是我们的荣幸'),(10702,1,'178','格力高 百奇抹茶味45g',6.00,'/Public/img/goods/23.jpg','http://pic29.nipic.com/20130525/5890690_184803578000_2.jpg,http://pica.nipic.com/2007-12-19/2007121911592513_2.jpg,http://pic22.nipic.com/20120720/8989765_092835333150_2.jpg','2015-05-06 00:00:00',0,'3.3kg/箱',2,'进口，饼干糕点，特色',107,NULL,500,4204,'所有食品都是绿色食品，不含防腐剂，您吃的放心是我们的荣幸'),(10703,1,'178','格力高 百奇牛奶草莓味45g',6.00,'/Public/img/goods/10584128_131324463183_2.jpg','http://pic29.nipic.com/20130525/5890690_184803578000_2.jpg,http://pica.nipic.com/2007-12-19/2007121911592513_2.jpg,http://pic22.nipic.com/20120720/8989765_092835333150_2.jpg','2015-05-06 00:00:00',0,'3.3kg/箱',2,'进口，饼干糕点，特色',107,NULL,500,4207,'所有食品都是绿色食品，不含防腐剂，您吃的放心是我们的荣幸'),(10704,1,'178','格力高 百奇蓝莓树莓味45g',6.00,'/Public/img/goods/W020150327373576406347.jpg','http://pic29.nipic.com/20130525/5890690_184803578000_2.jpg,http://pica.nipic.com/2007-12-19/2007121911592513_2.jpg,http://pic22.nipic.com/20120720/8989765_092835333150_2.jpg','2015-05-06 00:00:00',0,'3.3kg/箱',2,'进口，饼干糕点，特色',107,NULL,500,4208,'所有食品都是绿色食品，不含防腐剂，您吃的放心是我们的荣幸'),(10705,1,'178','好丽友蛋黄派 2枚/盒 46g',5.00,'/Public/img/goods/23.jpg','http://pic29.nipic.com/20130525/5890690_184803578000_2.jpg,http://pica.nipic.com/2007-12-19/2007121911592513_2.jpg,http://pic22.nipic.com/20120720/8989765_092835333150_2.jpg','2015-05-06 00:00:00',0,'3.3kg/箱',2,'饼干糕点，薯片，膨化，烘焙',107,NULL,500,4208,'所有食品都是绿色食品，不含防腐剂，您吃的放心是我们的荣幸'),(10706,1,'178','2包 宗味斋 原味蜜汁豆干',3.00,'/Public/img/goods/9280c8519530206c.jpg','http://pic29.nipic.com/20130525/5890690_184803578000_2.jpg,http://pica.nipic.com/2007-12-19/2007121911592513_2.jpg,http://pic22.nipic.com/20120720/8989765_092835333150_2.jpg','2015-05-06 00:00:00',0,'3.3kg/箱',2,'休闲，辣条豆干，肉干肉脯',107,NULL,500,4208,'所有食品都是绿色食品，不含防腐剂，您吃的放心是我们的荣幸'),(10707,1,'178','2包 旺友山椒花生',3.00,'/Public/img/goods/23.jpg','http://pic29.nipic.com/20130525/5890690_184803578000_2.jpg,http://pica.nipic.com/2007-12-19/2007121911592513_2.jpg,http://pic22.nipic.com/20120720/8989765_092835333150_2.jpg','2015-05-06 00:00:00',0,'3.3kg/箱',2,'休闲，辣条豆干，肉干肉脯',107,NULL,500,4208,'所有食品都是绿色食品，不含防腐剂，您吃的放心是我们的荣幸'),(10708,1,'178','2包 真之味 鸡蛋干',2.00,'/Public/img/goods/10584128_131324463183_2.jpg','http://pic29.nipic.com/20130525/5890690_184803578000_2.jpg,http://pica.nipic.com/2007-12-19/2007121911592513_2.jpg,http://pic22.nipic.com/20120720/8989765_092835333150_2.jpg','2015-05-06 00:00:00',0,'3.3kg/箱',2,'休闲，辣条豆干，肉干肉脯',107,NULL,500,4208,'所有食品都是绿色食品，不含防腐剂，您吃的放心是我们的荣幸'),(10709,1,'178','2包 友臣肉松饼',3.00,'/Public/img/goods/W020150327373576406347.jpg','http://pic29.nipic.com/20130525/5890690_184803578000_2.jpg,http://pica.nipic.com/2007-12-19/2007121911592513_2.jpg,http://pic22.nipic.com/20120720/8989765_092835333150_2.jpg','2015-05-06 00:00:00',0,'3.3kg/箱',2,'休闲，肉干肉脯，特色',107,NULL,500,4208,'所有食品都是绿色食品，不含防腐剂，您吃的放心是我们的荣幸'),(10710,1,'178','老北京蜂蜜枣糕',2.50,'/Public/img/goods/23.jpg','http://pic29.nipic.com/20130525/5890690_184803578000_2.jpg,http://pica.nipic.com/2007-12-19/2007121911592513_2.jpg,http://pic22.nipic.com/20120720/8989765_092835333150_2.jpg','2015-05-06 00:00:00',0,'3.3kg/箱',2,'休闲，饼干糕点，特色，爆款',107,NULL,500,4208,'所有食品都是绿色食品，不含防腐剂，您吃的放心是我们的荣幸'),(10711,1,'178','乐事忠于原味 桶装104g',8.50,'/Public/img/goods/9280c8519530206c.jpg','http://pic29.nipic.com/20130525/5890690_184803578000_2.jpg,http://pica.nipic.com/2007-12-19/2007121911592513_2.jpg,http://pic22.nipic.com/20120720/8989765_092835333150_2.jpg','2015-05-06 00:00:00',0,'3.3kg/箱',2,'薯片，糕点，坚果炒货，爆款',107,NULL,500,4208,'所有食品都是绿色食品，不含防腐剂，您吃的放心是我们的荣幸'),(10712,1,'178','采纳膜片 50g',2.00,'/Public/img/goods/23.jpg','http://pic29.nipic.com/20130525/5890690_184803578000_2.jpg,http://pica.nipic.com/2007-12-19/2007121911592513_2.jpg,http://pic22.nipic.com/20120720/8989765_092835333150_2.jpg','2015-05-06 00:00:00',0,'3.3kg/箱',2,'休闲，肉干肉脯，特色，坚果炒货',107,NULL,500,4208,'所有食品都是绿色食品，不含防腐剂，您吃的放心是我们的荣幸'),(10713,1,'178','洽洽香瓜子 110g',3.50,'/Public/img/goods/10584128_131324463183_2.jpg','http://pic29.nipic.com/20130525/5890690_184803578000_2.jpg,http://pica.nipic.com/2007-12-19/2007121911592513_2.jpg,http://pic22.nipic.com/20120720/8989765_092835333150_2.jpg','2015-05-06 00:00:00',0,'3.3kg/箱',2,'坚果炒货，糖果布丁，特色',107,NULL,500,4205,'所有食品都是绿色食品，不含防腐剂，您吃的放心是我们的荣幸'),(10714,1,'178','洽洽喀吱脆 老坛酸菜味51g一包',3.50,'/Public/img/goods/W020150327373576406347.jpg','http://pic29.nipic.com/20130525/5890690_184803578000_2.jpg,http://pica.nipic.com/2007-12-19/2007121911592513_2.jpg,http://pic22.nipic.com/20120720/8989765_092835333150_2.jpg','2015-05-06 00:00:00',0,'3.3kg/箱',2,'饼干糕点，薯片，膨化，烘焙，爆款',107,NULL,500,4195,'所有食品都是绿色食品，不含防腐剂，您吃的放心是我们的荣幸'),(10715,1,'178','洽洽喀吱脆 铁板烧烤味51g一包',3.50,'/Public/img/goods/23.jpg','http://pic29.nipic.com/20130525/5890690_184803578000_2.jpg,http://pica.nipic.com/2007-12-19/2007121911592513_2.jpg,http://pic22.nipic.com/20120720/8989765_092835333150_2.jpg','2015-05-06 00:00:00',0,'3.3kg/箱',2,'饼干糕点，薯片，膨化，烘焙，爆款',107,NULL,500,4193,'所有食品都是绿色食品，不含防腐剂，您吃的放心是我们的荣幸'),(10716,1,'178','洽洽喀吱脆 纯香紫薯味51g一包',3.50,'/Public/img/goods/9280c8519530206c.jpg','http://pic29.nipic.com/20130525/5890690_184803578000_2.jpg,http://pica.nipic.com/2007-12-19/2007121911592513_2.jpg,http://pic22.nipic.com/20120720/8989765_092835333150_2.jpg','2015-05-07 00:00:00',0,'3.3kg/箱',2,'饼干糕点，薯片，膨化，烘焙，特色',107,NULL,500,4172,'所有食品都是绿色食品，不含防腐剂，您吃的放心是我们的荣幸'),(10718,1,'178','旺旺 仙贝520g',22.00,'/Public/img/goods/10584128_131324463183_2.jpg','http://pic29.nipic.com/20130525/5890690_184803578000_2.jpg,http://pica.nipic.com/2007-12-19/2007121911592513_2.jpg,http://pic22.nipic.com/20120720/8989765_092835333150_2.jpg','2015-05-07 00:00:00',0,'3.3kg/箱',2,'饼干糕点，薯片，膨化，烘焙，特色',107,NULL,500,4205,'所有食品都是绿色食品，不含防腐剂，您吃的放心是我们的荣幸'),(10719,1,'178','旺旺 雪饼520g',22.00,'/Public/img/goods/W020150327373576406347.jpg','http://pic29.nipic.com/20130525/5890690_184803578000_2.jpg,http://pica.nipic.com/2007-12-19/2007121911592513_2.jpg,http://pic22.nipic.com/20120720/8989765_092835333150_2.jpg','2015-05-07 00:00:00',0,'3.3kg/箱',2,'饼干糕点，薯片，膨化，烘焙，特色',107,NULL,500,4208,'所有食品都是绿色食品，不含防腐剂，您吃的放心是我们的荣幸'),(10720,1,'178','咪咪',0.70,'/Public/img/goods/23.jpg','http://pic29.nipic.com/20130525/5890690_184803578000_2.jpg,http://pica.nipic.com/2007-12-19/2007121911592513_2.jpg,http://pic22.nipic.com/20120720/8989765_092835333150_2.jpg','2015-05-07 00:00:00',0,'3.3kg/箱',2,'饼干糕点，薯片，膨化，烘焙',107,NULL,500,4190,'所有食品都是绿色食品，不含防腐剂，您吃的放心是我们的荣幸'),(10722,1,'178','咪咪 40包',20.00,'/Public/img/goods/23.jpg','http://pic29.nipic.com/20130525/5890690_184803578000_2.jpg,http://pica.nipic.com/2007-12-19/2007121911592513_2.jpg,http://pic22.nipic.com/20120720/8989765_092835333150_2.jpg','2015-05-07 00:00:00',0,'3.3kg/箱',2,'饼干糕点，薯片，膨化，烘焙',107,NULL,500,4072,'所有食品都是绿色食品，不含防腐剂，您吃的放心是我们的荣幸'),(19999,2,'178','葡萄干',8.00,'/Public/img/goods/W020150327373576406347.jpg','http://localhost:8080/ForyouImage/food/14415281877971852837910.jpg','2015-09-06 00:00:00',0,'3.3kg/箱',2,'',501,6.00,500,487,NULL),(20101,1,NULL,'可口可乐 600ml',3.00,'/Public/img/goods/9280c8519530206c.jpg','http://pic29.nipic.com/20130525/5890690_184803578000_2.jpg,http://pica.nipic.com/2007-12-19/2007121911592513_2.jpg,http://pic22.nipic.com/20120720/8989765_092835333150_2.jpg','2015-05-05 00:00:00',0,'3.3kg/箱',2,'可乐，咖啡饮料，雪碧，水',201,NULL,500,4206,'所有食品都是绿色食品，不含防腐剂，您吃的放心是我们的荣幸'),(20102,1,NULL,'雪碧柠檬味 330ml*6',12.50,'/Public/img/goods/23.jpg','http://pic29.nipic.com/20130525/5890690_184803578000_2.jpg,http://pica.nipic.com/2007-12-19/2007121911592513_2.jpg,http://pic22.nipic.com/20120720/8989765_092835333150_2.jpg','2015-05-05 00:00:00',0,'3.3kg/箱',2,'可乐，饮料,柠檬，雪碧',201,NULL,500,4148,'所有食品都是绿色食品，不含防腐剂，您吃的放心是我们的荣幸'),(20103,1,NULL,'可口可乐原味迷你装300ml',2.50,'/Public/img/goods/10584128_131324463183_2.jpg','http://pic29.nipic.com/20130525/5890690_184803578000_2.jpg,http://pica.nipic.com/2007-12-19/2007121911592513_2.jpg,http://pic22.nipic.com/20120720/8989765_092835333150_2.jpg','2015-05-06 00:00:00',0,'3.3kg/箱',2,'可乐，咖啡饮料',201,NULL,500,4084,'所有食品都是绿色食品，不含防腐剂，您吃的放心是我们的荣幸'),(20104,1,NULL,'雪碧600ml',3.00,'/Public/img/goods/W020150327373576406347.jpg','http://pic29.nipic.com/20130525/5890690_184803578000_2.jpg,http://pica.nipic.com/2007-12-19/2007121911592513_2.jpg,http://pic22.nipic.com/20120720/8989765_092835333150_2.jpg','2015-05-05 00:00:00',0,'3.3kg/箱',2,'可乐，咖啡饮料，雪碧',201,NULL,500,4194,'所有食品都是绿色食品，不含防腐剂，您吃的放心是我们的荣幸'),(20107,1,NULL,'百事可乐600ml',3.00,'/Public/img/goods/23.jpg','http://pic29.nipic.com/20130525/5890690_184803578000_2.jpg,http://pica.nipic.com/2007-12-19/2007121911592513_2.jpg,http://pic22.nipic.com/20120720/8989765_092835333150_2.jpg','2015-04-30 00:00:00',0,'3.3kg/箱',2,'可乐，饮料，百事',201,2.50,500,4208,'所有食品都是绿色食品，不含防腐剂，您吃的放心是我们的荣幸'),(20109,1,NULL,'芬达 碳酸饮料 橙味罐装330ml',2.50,'/Public/img/goods/W020150327373576406347.jpg','http://pic29.nipic.com/20130525/5890690_184803578000_2.jpg,http://pica.nipic.com/2007-12-19/2007121911592513_2.jpg,http://pic22.nipic.com/20120720/8989765_092835333150_2.jpg','2015-04-18 00:00:00',0,'3.3kg/箱',2,'可乐，饮料，雪碧，水',201,NULL,500,4208,'所有食品都是绿色食品，不含防腐剂，您吃的放心是我们的荣幸'),(20110,1,NULL,'雪碧 2L/瓶',8.00,'/Public/img/goods/23.jpg','http://pic29.nipic.com/20130525/5890690_184803578000_2.jpg,http://pica.nipic.com/2007-12-19/2007121911592513_2.jpg,http://pic22.nipic.com/20120720/8989765_092835333150_2.jpg','2015-04-30 00:00:00',0,'3.3kg/箱',2,'可乐，饮料，雪碧，水',201,NULL,500,4205,'所有食品都是绿色食品，不含防腐剂，您吃的放心是我们的荣幸'),(20111,1,NULL,'百事可乐2L/瓶 一瓶',8.00,'/Public/img/goods/9280c8519530206c.jpg','http://pic29.nipic.com/20130525/5890690_184803578000_2.jpg,http://pica.nipic.com/2007-12-19/2007121911592513_2.jpg,http://pic22.nipic.com/20120720/8989765_092835333150_2.jpg','2015-05-05 00:00:00',0,'3.3kg/箱',2,'可乐，咖啡饮料，雪碧，水',201,NULL,500,4207,'所有食品都是绿色食品，不含防腐剂，您吃的放心是我们的荣幸'),(20112,1,NULL,'芬达 橙味碳酸饮料600ml 一瓶',3.00,'/Public/img/goods/23.jpg','http://pic29.nipic.com/20130525/5890690_184803578000_2.jpg,http://pica.nipic.com/2007-12-19/2007121911592513_2.jpg,http://pic22.nipic.com/20120720/8989765_092835333150_2.jpg','2015-04-30 00:00:00',0,'3.3kg/箱',2,'可乐，饮料，雪碧，水',201,NULL,500,4208,'所有食品都是绿色食品，不含防腐剂，您吃的放心是我们的荣幸'),(20204,1,NULL,'统一绿茶500ml 一瓶',2.50,'/Public/img/goods/W020150327373576406347.jpg','http://pic29.nipic.com/20130525/5890690_184803578000_2.jpg,http://pica.nipic.com/2007-12-19/2007121911592513_2.jpg,http://pic22.nipic.com/20120720/8989765_092835333150_2.jpg','2015-04-18 00:00:00',0,'3.3kg/箱',2,'饮料，茶饮，水，统一',107,NULL,500,4208,'所有食品都是绿色食品，不含防腐剂，您吃的放心是我们的荣幸'),(20205,1,NULL,'康师傅茉莉蜜茶500ml',3.00,'/Public/img/goods/23.jpg','http://pic29.nipic.com/20130525/5890690_184803578000_2.jpg,http://pica.nipic.com/2007-12-19/2007121911592513_2.jpg,http://pic22.nipic.com/20120720/8989765_092835333150_2.jpg','2015-05-07 00:00:00',0,'3.3kg/箱',2,'饮料，茶饮，水，康师傅',107,NULL,500,4208,'所有食品都是绿色食品，不含防腐剂，您吃的放心是我们的荣幸'),(20206,1,NULL,'天喔蜂蜜柚子茶500ml',2.50,'/Public/img/goods/9280c8519530206c.jpg','http://pic29.nipic.com/20130525/5890690_184803578000_2.jpg,http://pica.nipic.com/2007-12-19/2007121911592513_2.jpg,http://pic22.nipic.com/20120720/8989765_092835333150_2.jpg','2015-04-18 00:00:00',0,'3.3kg/箱',2,'饮料，茶饮，水，康师傅',107,NULL,500,4208,'所有食品都是绿色食品，不含防腐剂，您吃的放心是我们的荣幸'),(20207,1,NULL,'农夫山泉水溶C100（西柚）445ml 一瓶',4.50,'/Public/img/goods/23.jpg','http://pic29.nipic.com/20130525/5890690_184803578000_2.jpg,http://pica.nipic.com/2007-12-19/2007121911592513_2.jpg,http://pic22.nipic.com/20120720/8989765_092835333150_2.jpg','2015-04-18 00:00:00',0,'3.3kg/箱',2,'饮料，果味饮品，水，农夫山泉',107,NULL,500,4208,'所有食品都是绿色食品，不含防腐剂，您吃的放心是我们的荣幸'),(20208,1,NULL,'加多宝凉茶310ml',4.00,'/Public/img/goods/10584128_131324463183_2.jpg','http://pic29.nipic.com/20130525/5890690_184803578000_2.jpg,http://pica.nipic.com/2007-12-19/2007121911592513_2.jpg,http://pic22.nipic.com/20120720/8989765_092835333150_2.jpg','2015-04-18 00:00:00',0,'3.3kg/箱',2,'凉茶，水，饮料',107,NULL,500,4208,'所有食品都是绿色食品，不含防腐剂，您吃的放心是我们的荣幸'),(20209,1,NULL,'康师傅冰红茶1L 产品略有更新，随机发货哦',4.50,'/Public/img/goods/W020150327373576406347.jpg','http://pic29.nipic.com/20130525/5890690_184803578000_2.jpg,http://pica.nipic.com/2007-12-19/2007121911592513_2.jpg,http://pic22.nipic.com/20120720/8989765_092835333150_2.jpg','2015-05-09 00:00:00',0,'3.3kg/箱',2,'饮料，茶饮，水，康师傅',107,NULL,500,4196,'所有食品都是绿色食品，不含防腐剂，您吃的放心是我们的荣幸'),(20210,1,NULL,'康师傅劲凉冰红茶600ml 产品有更新，随机发货哦',2.50,'/Public/img/goods/23.jpg','http://pic29.nipic.com/20130525/5890690_184803578000_2.jpg,http://pica.nipic.com/2007-12-19/2007121911592513_2.jpg,http://pic22.nipic.com/20120720/8989765_092835333150_2.jpg','2015-04-18 00:00:00',0,'3.3kg/箱',2,'饮料，茶饮，水，康师傅',107,NULL,500,4208,'所有食品都是绿色食品，不含防腐剂，您吃的放心是我们的荣幸'),(20211,1,NULL,'康师傅茉莉蜜茶 1L',5.00,'/Public/img/goods/9280c8519530206c.jpg','http://pic29.nipic.com/20130525/5890690_184803578000_2.jpg,http://pica.nipic.com/2007-12-19/2007121911592513_2.jpg,http://pic22.nipic.com/20120720/8989765_092835333150_2.jpg','2015-05-07 00:00:00',0,'3.3kg/箱',2,'咖啡饮料，维生素，水',107,NULL,500,4208,'所有食品都是绿色食品，不含防腐剂，您吃的放心是我们的荣幸'),(20212,1,NULL,'康师傅每日C 红葡萄500ml',3.00,'/Public/img/goods/23.jpg','http://pic29.nipic.com/20130525/5890690_184803578000_2.jpg,http://pica.nipic.com/2007-12-19/2007121911592513_2.jpg,http://pic22.nipic.com/20120720/8989765_092835333150_2.jpg','2015-05-07 00:00:00',0,'3.3kg/箱',2,'咖啡饮料，维生素，水',107,NULL,500,4208,'所有食品都是绿色食品，不含防腐剂，您吃的放心是我们的荣幸'),(20213,1,NULL,'康师傅茉莉清茶 1L',5.00,'/Public/img/goods/10584128_131324463183_2.jpg','http://pic29.nipic.com/20130525/5890690_184803578000_2.jpg,http://pica.nipic.com/2007-12-19/2007121911592513_2.jpg,http://pic22.nipic.com/20120720/8989765_092835333150_2.jpg','2015-05-07 00:00:00',0,'3.3kg/箱',2,'咖啡饮料，维生素，水',107,NULL,500,4208,'所有食品都是绿色食品，不含防腐剂，您吃的放心是我们的荣幸'),(20214,1,NULL,'康师傅蜂蜜柚子茶 500ml',3.00,'/Public/img/goods/W020150327373576406347.jpg','http://pic29.nipic.com/20130525/5890690_184803578000_2.jpg,http://pica.nipic.com/2007-12-19/2007121911592513_2.jpg,http://pic22.nipic.com/20120720/8989765_092835333150_2.jpg','2015-05-07 00:00:00',0,'3.3kg/箱',2,'咖啡饮料，维生素，水',107,NULL,500,4208,'所有食品都是绿色食品，不含防腐剂，您吃的放心是我们的荣幸'),(20215,1,NULL,'康师傅 冰糖雪梨500ml',3.00,'/Public/img/goods/23.jpg','http://pic29.nipic.com/20130525/5890690_184803578000_2.jpg,http://pica.nipic.com/2007-12-19/2007121911592513_2.jpg,http://pic22.nipic.com/20120720/8989765_092835333150_2.jpg','2015-05-07 00:00:00',0,'3.3kg/箱',2,'咖啡饮料，维生素，水',107,NULL,500,4207,'所有食品都是绿色食品，不含防腐剂，您吃的放心是我们的荣幸'),(20216,1,NULL,'冰红茶 1L',4.50,'/Public/img/goods/9280c8519530206c.jpg','http://pic29.nipic.com/20130525/5890690_184803578000_2.jpg,http://pica.nipic.com/2007-12-19/2007121911592513_2.jpg,http://pic22.nipic.com/20120720/8989765_092835333150_2.jpg','2015-05-09 00:00:00',0,'3.3kg/箱',2,'饮料，果汁，特色',107,NULL,500,4199,'所有食品都是绿色食品，不含防腐剂，您吃的放心是我们的荣幸'),(20301,1,NULL,'脉动500ml',4.00,'/Public/img/goods/9280c8519530206c.jpg','http://pic29.nipic.com/20130525/5890690_184803578000_2.jpg,http://pica.nipic.com/2007-12-19/2007121911592513_2.jpg,http://pic22.nipic.com/20120720/8989765_092835333150_2.jpg','2015-05-04 00:00:00',0,'3.3kg/箱',2,'饮料',203,NULL,500,4170,'所有食品都是绿色食品，不含防腐剂，您吃的放心是我们的荣幸'),(20302,1,NULL,'红牛能量250ml',6.00,'/Public/img/goods/23.jpg','http://pic29.nipic.com/20130525/5890690_184803578000_2.jpg,http://pica.nipic.com/2007-12-19/2007121911592513_2.jpg,http://pic22.nipic.com/20120720/8989765_092835333150_2.jpg','2015-04-30 00:00:00',0,'3.3kg/箱',2,'可乐，饮料',203,NULL,500,4208,'所有食品都是绿色食品，不含防腐剂，您吃的放心是我们的荣幸'),(20304,1,NULL,'中沃苏打水350ml',3.50,'/Public/img/goods/W020150327373576406347.jpg','http://pic29.nipic.com/20130525/5890690_184803578000_2.jpg,http://pica.nipic.com/2007-12-19/2007121911592513_2.jpg,http://pic22.nipic.com/20120720/8989765_092835333150_2.jpg','2015-04-18 00:00:00',0,'3.3kg/箱',2,'水，饮料',203,NULL,500,4208,'所有食品都是绿色食品，不含防腐剂，您吃的放心是我们的荣幸'),(20305,1,NULL,'农夫维他命水功能饮料500ml',3.90,'/Public/img/goods/23.jpg','http://pic29.nipic.com/20130525/5890690_184803578000_2.jpg,http://pica.nipic.com/2007-12-19/2007121911592513_2.jpg,http://pic22.nipic.com/20120720/8989765_092835333150_2.jpg','2015-04-18 00:00:00',0,'3.3kg/箱',2,'饮料，果味饮品，水，农夫山泉',203,NULL,500,4208,'所有食品都是绿色食品，不含防腐剂，您吃的放心是我们的荣幸'),(20306,1,NULL,'达利园乐虎功能饮料380ml 红牛口味',6.00,'/Public/img/goods/9280c8519530206c.jpg','http://pic29.nipic.com/20130525/5890690_184803578000_2.jpg,http://pica.nipic.com/2007-12-19/2007121911592513_2.jpg,http://pic22.nipic.com/20120720/8989765_092835333150_2.jpg','2015-04-30 00:00:00',0,'3.3kg/箱',2,'饮料，维生素，功能饮料，水',203,NULL,500,4204,'所有食品都是绿色食品，不含防腐剂，您吃的放心是我们的荣幸'),(20307,1,NULL,'东鹏特饮380ml',4.00,'/Public/img/goods/23.jpg','http://pic29.nipic.com/20130525/5890690_184803578000_2.jpg,http://pica.nipic.com/2007-12-19/2007121911592513_2.jpg,http://pic22.nipic.com/20120720/8989765_092835333150_2.jpg','2015-04-18 00:00:00',0,'3.3kg/箱',2,'饮料，维生素，功能饮料，水',203,NULL,500,4208,'所有食品都是绿色食品，不含防腐剂，您吃的放心是我们的荣幸'),(20308,1,NULL,'黑卡6小时维生素果味饮料450ml',6.00,'/Public/img/goods/10584128_131324463183_2.jpg','http://pic29.nipic.com/20130525/5890690_184803578000_2.jpg,http://pica.nipic.com/2007-12-19/2007121911592513_2.jpg,http://pic22.nipic.com/20120720/8989765_092835333150_2.jpg','2015-04-18 00:00:00',0,'3.3kg/箱',2,'饮料，维生素，功能饮料，水',203,NULL,500,4208,'所有食品都是绿色食品，不含防腐剂，您吃的放心是我们的荣幸'),(20309,1,NULL,'娃哈哈启力维生素功能饮料250ml',6.00,'/Public/img/goods/W020150327373576406347.jpg','http://pic29.nipic.com/20130525/5890690_184803578000_2.jpg,http://pica.nipic.com/2007-12-19/2007121911592513_2.jpg,http://pic22.nipic.com/20120720/8989765_092835333150_2.jpg','2015-04-29 00:00:00',0,'3.3kg/箱',2,'饮料，维生素，功能饮料，水',203,NULL,500,4208,'所有食品都是绿色食品，不含防腐剂，您吃的放心是我们的荣幸'),(20310,1,NULL,'尖叫550ml',5.00,'/Public/img/goods/23.jpg','http://pic29.nipic.com/20130525/5890690_184803578000_2.jpg,http://pica.nipic.com/2007-12-19/2007121911592513_2.jpg,http://pic22.nipic.com/20120720/8989765_092835333150_2.jpg','2015-05-07 00:00:00',0,'3.3kg/箱',2,'咖啡饮料，维生素，功能饮料，水',203,NULL,500,4125,'所有食品都是绿色食品，不含防腐剂，您吃的放心是我们的荣幸'),(20401,1,NULL,'绿力500 水蜜桃汁 490ml',6.00,'/Public/img/goods/9280c8519530206c.jpg','http://pic29.nipic.com/20130525/5890690_184803578000_2.jpg,http://pica.nipic.com/2007-12-19/2007121911592513_2.jpg,http://pic22.nipic.com/20120720/8989765_092835333150_2.jpg','2015-05-05 00:00:00',0,'3.3kg/箱',2,'饮料，果汁，牛奶，特色',204,NULL,500,4208,'所有食品都是绿色食品，不含防腐剂，您吃的放心是我们的荣幸'),(20402,1,NULL,'欢乐家 糖水桔子罐头460g',9.50,'/Public/img/goods/23.jpg','http://pic29.nipic.com/20130525/5890690_184803578000_2.jpg,http://pica.nipic.com/2007-12-19/2007121911592513_2.jpg,http://pic22.nipic.com/20120720/8989765_092835333150_2.jpg','2015-04-30 00:00:00',0,'3.3kg/箱',2,'饮料，罐头，特色',204,NULL,500,4206,'所有食品都是绿色食品，不含防腐剂，您吃的放心是我们的荣幸'),(20404,1,NULL,'欢乐家冰糖雪梨罐头 460g',9.50,'/Public/img/goods/W020150327373576406347.jpg','http://pic29.nipic.com/20130525/5890690_184803578000_2.jpg,http://pica.nipic.com/2007-12-19/2007121911592513_2.jpg,http://pic22.nipic.com/20120720/8989765_092835333150_2.jpg','2015-04-30 00:00:00',0,'3.3kg/箱',2,'饮料，罐头，特色',204,NULL,500,4208,'所有食品都是绿色食品，不含防腐剂，您吃的放心是我们的荣幸'),(20406,1,NULL,'欢乐家生榨芒果汁 500ml',6.00,'/Public/img/goods/9280c8519530206c.jpg','http://pic29.nipic.com/20130525/5890690_184803578000_2.jpg,http://pica.nipic.com/2007-12-19/2007121911592513_2.jpg,http://pic22.nipic.com/20120720/8989765_092835333150_2.jpg','2015-05-09 00:00:00',0,'3.3kg/箱',2,'饮料，果汁，牛奶，特色',204,NULL,500,4204,'所有食品都是绿色食品，不含防腐剂，您吃的放心是我们的荣幸'),(20407,1,NULL,'汇源100%桃汁 1L',15.00,'/Public/img/goods/23.jpg','http://pic29.nipic.com/20130525/5890690_184803578000_2.jpg,http://pica.nipic.com/2007-12-19/2007121911592513_2.jpg,http://pic22.nipic.com/20120720/8989765_092835333150_2.jpg','2015-05-09 00:00:00',0,'3.3kg/箱',2,'果汁，咖啡饮料，牛奶',204,NULL,500,4156,'所有食品都是绿色食品，不含防腐剂，您吃的放心是我们的荣幸'),(20502,1,NULL,'怡宝矿泉水 1555ml',4.00,'/Public/img/goods/23.jpg','http://pic29.nipic.com/20130525/5890690_184803578000_2.jpg,http://pica.nipic.com/2007-12-19/2007121911592513_2.jpg,http://pic22.nipic.com/20120720/8989765_092835333150_2.jpg','2015-04-30 00:00:00',0,'3.3kg/箱',2,'饮料，纯净水',205,NULL,500,4208,'所有食品都是绿色食品，不含防腐剂，您吃的放心是我们的荣幸'),(20601,1,NULL,'正宗椰树椰汁 245ml',3.00,'/Public/img/goods/9280c8519530206c.jpg','http://pic29.nipic.com/20130525/5890690_184803578000_2.jpg,http://pica.nipic.com/2007-12-19/2007121911592513_2.jpg,http://pic22.nipic.com/20120720/8989765_092835333150_2.jpg','2015-04-30 00:00:00',0,'3.3kg/箱',2,'饮料，茶饮，水，爆款',107,NULL,500,4208,'所有食品都是绿色食品，不含防腐剂，您吃的放心是我们的荣幸'),(20602,1,NULL,'李子园牛奶 450ml',4.00,'/Public/img/goods/23.jpg','http://pic29.nipic.com/20130525/5890690_184803578000_2.jpg,http://pica.nipic.com/2007-12-19/2007121911592513_2.jpg,http://pic22.nipic.com/20120720/8989765_092835333150_2.jpg','2015-04-30 00:00:00',0,'3.3kg/箱',2,'饮料，特色，水，牛奶',107,NULL,500,4208,'所有食品都是绿色食品，不含防腐剂，您吃的放心是我们的荣幸'),(20603,1,NULL,'维他命香草味豆奶饮料一包 250ml',3.50,'/Public/img/goods/10584128_131324463183_2.jpg','http://pic29.nipic.com/20130525/5890690_184803578000_2.jpg,http://pica.nipic.com/2007-12-19/2007121911592513_2.jpg,http://pic22.nipic.com/20120720/8989765_092835333150_2.jpg','2015-04-30 00:00:00',0,'3.3kg/箱',2,'饮料，茶饮，水，牛奶',107,NULL,500,4171,'所有食品都是绿色食品，不含防腐剂，您吃的放心是我们的荣幸'),(20604,1,NULL,'真果粒牛奶饮品 20ml',3.50,'/Public/img/goods/W020150327373576406347.jpg','http://pic29.nipic.com/20130525/5890690_184803578000_2.jpg,http://pica.nipic.com/2007-12-19/2007121911592513_2.jpg,http://pic22.nipic.com/20120720/8989765_092835333150_2.jpg','2015-04-30 00:00:00',0,'3.3kg/箱',2,'饮料，牛奶，爆款，水，特色',107,NULL,500,4208,'所有食品都是绿色食品，不含防腐剂，您吃的放心是我们的荣幸'),(20605,1,NULL,'真果粒牛奶 桃果味 250ml',3.50,'/Public/img/goods/23.jpg','http://pic29.nipic.com/20130525/5890690_184803578000_2.jpg,http://pica.nipic.com/2007-12-19/2007121911592513_2.jpg,http://pic22.nipic.com/20120720/8989765_092835333150_2.jpg','2015-04-30 00:00:00',0,'3.3kg/箱',2,'饮料，茶饮，水，牛奶',107,NULL,500,4208,'所有食品都是绿色食品，不含防腐剂，您吃的放心是我们的荣幸'),(20606,1,NULL,'奶特牛奶 朱古力口味 243ml',4.50,'/Public/img/goods/9280c8519530206c.jpg','http://pic29.nipic.com/20130525/5890690_184803578000_2.jpg,http://pica.nipic.com/2007-12-19/2007121911592513_2.jpg,http://pic22.nipic.com/20120720/8989765_092835333150_2.jpg','2015-04-30 00:00:00',0,'3.3kg/箱',2,'牛奶，饮料，水',107,NULL,500,4208,'所有食品都是绿色食品，不含防腐剂，您吃的放心是我们的荣幸'),(20607,1,NULL,'光明纯牛奶 250ml',3.50,'/Public/img/goods/23.jpg','http://pic29.nipic.com/20130525/5890690_184803578000_2.jpg,http://pica.nipic.com/2007-12-19/2007121911592513_2.jpg,http://pic22.nipic.com/20120720/8989765_092835333150_2.jpg','2015-04-30 00:00:00',0,'3.3kg/箱',2,'牛奶，饮料，特色，上新',107,3.00,500,4208,'所有食品都是绿色食品，不含防腐剂，您吃的放心是我们的荣幸'),(20608,1,NULL,'蒙牛纯牛奶 250ml',3.50,'/Public/img/goods/10584128_131324463183_2.jpg','http://pic29.nipic.com/20130525/5890690_184803578000_2.jpg,http://pica.nipic.com/2007-12-19/2007121911592513_2.jpg,http://pic22.nipic.com/20120720/8989765_092835333150_2.jpg','2015-04-30 00:00:00',0,'3.3kg/箱',2,'牛奶，饮料，爆款，水',107,3.00,500,4208,'所有食品都是绿色食品，不含防腐剂，您吃的放心是我们的荣幸'),(20609,1,NULL,'娃哈哈 AD钙奶 220g',2.00,'/Public/img/goods/W020150327373576406347.jpg','http://pic29.nipic.com/20130525/5890690_184803578000_2.jpg,http://pica.nipic.com/2007-12-19/2007121911592513_2.jpg,http://pic22.nipic.com/20120720/8989765_092835333150_2.jpg','2015-04-30 00:00:00',0,'3.3kg/箱',2,'饮料，牛奶，爆款，打折，特色',107,NULL,500,4208,'所有食品都是绿色食品，不含防腐剂，您吃的放心是我们的荣幸'),(20610,1,NULL,'爽歪歪 营养酸奶 200g',2.00,'/Public/img/goods/23.jpg','http://pic29.nipic.com/20130525/5890690_184803578000_2.jpg,http://pica.nipic.com/2007-12-19/2007121911592513_2.jpg,http://pic22.nipic.com/20120720/8989765_092835333150_2.jpg','2015-04-30 00:00:00',0,'3.3kg/箱',2,'饮料，牛奶，特色',107,NULL,500,4208,'所有食品都是绿色食品，不含防腐剂，您吃的放心是我们的荣幸'),(20611,1,NULL,'绿力500 芒果汁 490ml',6.00,'/Public/img/goods/9280c8519530206c.jpg','http://pic29.nipic.com/20130525/5890690_184803578000_2.jpg,http://pica.nipic.com/2007-12-19/2007121911592513_2.jpg,http://pic22.nipic.com/20120720/8989765_092835333150_2.jpg','2015-05-05 00:00:00',0,'3.3kg/箱',2,'饮料，果汁，特色，进口',107,NULL,500,4208,'所有食品都是绿色食品，不含防腐剂，您吃的放心是我们的荣幸'),(20612,1,NULL,'旺仔牛奶 245ml',5.00,'/Public/img/goods/23.jpg','http://pic29.nipic.com/20130525/5890690_184803578000_2.jpg,http://pica.nipic.com/2007-12-19/2007121911592513_2.jpg,http://pic22.nipic.com/20120720/8989765_092835333150_2.jpg','2015-04-30 00:00:00',0,'3.3kg/箱',2,'牛奶，特色，饮料，',107,NULL,500,4208,'所有食品都是绿色食品，不含防腐剂，您吃的放心是我们的荣幸'),(20613,1,NULL,'名屋木瓜牛奶 500ml',10.00,'/Public/img/goods/10584128_131324463183_2.jpg','http://pic29.nipic.com/20130525/5890690_184803578000_2.jpg,http://pica.nipic.com/2007-12-19/2007121911592513_2.jpg,http://pic22.nipic.com/20120720/8989765_092835333150_2.jpg','2015-04-30 00:00:00',0,'3.3kg/箱',2,'进口，牛奶，饮料，',107,NULL,500,4208,'所有食品都是绿色食品，不含防腐剂，您吃的放心是我们的荣幸'),(20614,1,NULL,'光明轻巧包 红枣风味酸奶',3.50,'/Public/img/goods/W020150327373576406347.jpg','http://pic29.nipic.com/20130525/5890690_184803578000_2.jpg,http://pica.nipic.com/2007-12-19/2007121911592513_2.jpg,http://pic22.nipic.com/20120720/8989765_092835333150_2.jpg','2015-05-09 00:00:00',0,'3.3kg/箱',2,'牛奶，进口，上新，咖饮料啡',107,NULL,500,4208,'所有食品都是绿色食品，不含防腐剂，您吃的放心是我们的荣幸'),(20616,1,NULL,'光明轻巧包 芦荟风味酸奶',3.50,'/Public/img/goods/9280c8519530206c.jpg','http://pic29.nipic.com/20130525/5890690_184803578000_2.jpg,http://pica.nipic.com/2007-12-19/2007121911592513_2.jpg,http://pic22.nipic.com/20120720/8989765_092835333150_2.jpg','2015-05-09 00:00:00',0,'3.3kg/箱',2,'饮料，果汁，牛奶，特色',107,NULL,500,4208,'所有食品都是绿色食品，不含防腐剂，您吃的放心是我们的荣幸'),(20617,1,NULL,'光明轻巧包 鲜牛奶',3.50,'/Public/img/goods/23.jpg','http://pic29.nipic.com/20130525/5890690_184803578000_2.jpg,http://pica.nipic.com/2007-12-19/2007121911592513_2.jpg,http://pic22.nipic.com/20120720/8989765_092835333150_2.jpg','2015-05-09 00:00:00',0,'3.3kg/箱',2,'牛奶，进口，上新，咖饮料啡',107,NULL,500,4204,'所有食品都是绿色食品，不含防腐剂，您吃的放心是我们的荣幸'),(20618,1,NULL,'光明一只椰子',6.50,'/Public/img/goods/10584128_131324463183_2.jpg','http://pic29.nipic.com/20130525/5890690_184803578000_2.jpg,http://pica.nipic.com/2007-12-19/2007121911592513_2.jpg,http://pic22.nipic.com/20120720/8989765_092835333150_2.jpg','2015-05-09 00:00:00',0,'3.3kg/箱',2,'牛奶，进口，上新，咖饮料啡',107,NULL,500,4202,'所有食品都是绿色食品，不含防腐剂，您吃的放心是我们的荣幸'),(20701,1,NULL,'cass fresh beer 355ml（进口）',9.00,'/Public/img/goods/9280c8519530206c.jpg','http://pic29.nipic.com/20130525/5890690_184803578000_2.jpg,http://pica.nipic.com/2007-12-19/2007121911592513_2.jpg,http://pic22.nipic.com/20120720/8989765_092835333150_2.jpg','2015-05-07 00:00:00',0,'3.3kg/箱',2,'进口，咖啡饮料，特色',107,NULL,500,4206,'所有食品都是绿色食品，不含防腐剂，您吃的放心是我们的荣幸'),(20702,1,NULL,'德国黑啤 凯撒进口啤酒',12.50,'/Public/img/goods/23.jpg','http://pic29.nipic.com/20130525/5890690_184803578000_2.jpg,http://pica.nipic.com/2007-12-19/2007121911592513_2.jpg,http://pic22.nipic.com/20120720/8989765_092835333150_2.jpg','2015-05-07 00:00:00',0,'3.3kg/箱',2,'进口，咖啡饮料，特色',107,NULL,500,4198,'所有食品都是绿色食品，不含防腐剂，您吃的放心是我们的荣幸'),(20703,1,NULL,'雪花啤酒 330ml',3.00,'/Public/img/goods/10584128_131324463183_2.jpg','http://pic29.nipic.com/20130525/5890690_184803578000_2.jpg,http://pica.nipic.com/2007-12-19/2007121911592513_2.jpg,http://pic22.nipic.com/20120720/8989765_092835333150_2.jpg','2015-05-07 00:00:00',0,'3.3kg/箱',2,'咖啡饮料，啤酒',107,NULL,500,4208,'所有食品都是绿色食品，不含防腐剂，您吃的放心是我们的荣幸'),(20704,1,NULL,'RIO 鸡尾酒 橙味伏加特 275ml',13.00,'/Public/img/goods/W020150327373576406347.jpg','http://pic29.nipic.com/20130525/5890690_184803578000_2.jpg,http://pica.nipic.com/2007-12-19/2007121911592513_2.jpg,http://pic22.nipic.com/20120720/8989765_092835333150_2.jpg','2015-05-07 00:00:00',0,'3.3kg/箱',2,'咖啡饮料，啤酒，特色',107,NULL,500,4208,'所有食品都是绿色食品，不含防腐剂，您吃的放心是我们的荣幸'),(40101,1,NULL,'好丽友呀！土豆 香焗原味70克',6.00,'/Public/img/goods/9280c8519530206c.jpg','http://pic29.nipic.com/20130525/5890690_184803578000_2.jpg,http://pica.nipic.com/2007-12-19/2007121911592513_2.jpg,http://pic22.nipic.com/20120720/8989765_092835333150_2.jpg','2015-05-07 00:00:00',0,'3.3kg/箱',2,'饼干，糕点，薯片，膨化',402,NULL,500,4208,'所有食品都是绿色食品，不含防腐剂，您吃的放心是我们的荣幸'),(40102,1,NULL,'盼盼麦香鸡块 105克',4.00,'/Public/img/goods/23.jpg','http://pic29.nipic.com/20130525/5890690_184803578000_2.jpg,http://pica.nipic.com/2007-12-19/2007121911592513_2.jpg,http://pic22.nipic.com/20120720/8989765_092835333150_2.jpg','2015-05-07 00:00:00',0,'3.3kg/箱',2,'饼干，糕点，薯片，膨化',402,NULL,500,4208,'所有食品都是绿色食品，不含防腐剂，您吃的放心是我们的荣幸'),(40103,1,NULL,'董小姐 意式红烩味',2.50,'/Public/img/goods/10584128_131324463183_2.jpg','http://pic29.nipic.com/20130525/5890690_184803578000_2.jpg,http://pica.nipic.com/2007-12-19/2007121911592513_2.jpg,http://pic22.nipic.com/20120720/8989765_092835333150_2.jpg','2015-05-07 00:00:00',0,'3.3kg/箱',2,'饼干糕点，薯片，膨化，烘焙',402,NULL,500,4208,'所有食品都是绿色食品，不含防腐剂，您吃的放心是我们的荣幸'),(40104,1,NULL,'董小姐 清新番茄味',2.50,'/Public/img/goods/W020150327373576406347.jpg','http://pic29.nipic.com/20130525/5890690_184803578000_2.jpg,http://pica.nipic.com/2007-12-19/2007121911592513_2.jpg,http://pic22.nipic.com/20120720/8989765_092835333150_2.jpg','2015-05-07 00:00:00',0,'3.3kg/箱',2,'饼干糕点，薯片，膨化，烘焙',402,NULL,500,4208,'所有食品都是绿色食品，不含防腐剂，您吃的放心是我们的荣幸'),(40105,1,NULL,'董小姐 加勒比风情味',2.50,'/Public/img/goods/23.jpg','http://pic29.nipic.com/20130525/5890690_184803578000_2.jpg,http://pica.nipic.com/2007-12-19/2007121911592513_2.jpg,http://pic22.nipic.com/20120720/8989765_092835333150_2.jpg','2015-05-07 00:00:00',0,'3.3kg/箱',2,'饼干糕点，薯片，膨化，烘焙，爆款',402,NULL,500,4208,'所有食品都是绿色食品，不含防腐剂，您吃的放心是我们的荣幸'),(40106,1,NULL,'董小姐 浓情烤肉味',2.50,'/Public/img/goods/9280c8519530206c.jpg','http://pic29.nipic.com/20130525/5890690_184803578000_2.jpg,http://pica.nipic.com/2007-12-19/2007121911592513_2.jpg,http://pic22.nipic.com/20120720/8989765_092835333150_2.jpg','2015-05-07 00:00:00',0,'3.3kg/箱',2,'饼干糕点，薯片，膨化，烘焙',402,NULL,500,4208,'所有食品都是绿色食品，不含防腐剂，您吃的放心是我们的荣幸'),(40107,1,NULL,'麦维尔 拉面丸子（串烧味）一包',2.00,'/Public/img/goods/23.jpg','http://pic29.nipic.com/20130525/5890690_184803578000_2.jpg,http://pica.nipic.com/2007-12-19/2007121911592513_2.jpg,http://pic22.nipic.com/20120720/8989765_092835333150_2.jpg','2015-05-07 00:00:00',0,'3.3kg/箱',2,'饼干糕点，薯片，膨化，烘焙',402,NULL,500,4208,'所有食品都是绿色食品，不含防腐剂，您吃的放心是我们的荣幸'),(40108,1,NULL,'麦维尔 拉面丸子（黑胡椒牛肉味）',2.00,'/Public/img/goods/10584128_131324463183_2.jpg','http://pic29.nipic.com/20130525/5890690_184803578000_2.jpg,http://pica.nipic.com/2007-12-19/2007121911592513_2.jpg,http://pic22.nipic.com/20120720/8989765_092835333150_2.jpg','2015-05-07 00:00:00',0,'3.3kg/箱',2,'饼干糕点，薯片，膨化，烘焙',402,NULL,500,4208,'所有食品都是绿色食品，不含防腐剂，您吃的放心是我们的荣幸'),(40109,1,NULL,'麦维尔 拉面丸子（鸡汁味）',2.00,'/Public/img/goods/W020150327373576406347.jpg','http://pic29.nipic.com/20130525/5890690_184803578000_2.jpg,http://pica.nipic.com/2007-12-19/2007121911592513_2.jpg,http://pic22.nipic.com/20120720/8989765_092835333150_2.jpg','2015-05-07 00:00:00',0,'3.3kg/箱',2,'饼干糕点，薯片，膨化，烘焙',402,NULL,500,4208,'所有食品都是绿色食品，不含防腐剂，您吃的放心是我们的荣幸'),(40110,1,NULL,'麦小脆 拉面丸子（黑椒牛排味）',2.50,'/Public/img/goods/23.jpg','http://pic29.nipic.com/20130525/5890690_184803578000_2.jpg,http://pica.nipic.com/2007-12-19/2007121911592513_2.jpg,http://pic22.nipic.com/20120720/8989765_092835333150_2.jpg','2015-05-07 00:00:00',0,'3.3kg/箱',2,'饼干糕点，薯片，膨化，烘焙',402,NULL,500,4208,'所有食品都是绿色食品，不含防腐剂，您吃的放心是我们的荣幸'),(40111,1,NULL,'好丽友 呀！土豆 香焗原味40克',3.00,'/Public/img/goods/9280c8519530206c.jpg','http://pic29.nipic.com/20130525/5890690_184803578000_2.jpg,http://pica.nipic.com/2007-12-19/2007121911592513_2.jpg,http://pic22.nipic.com/20120720/8989765_092835333150_2.jpg','2015-05-07 00:00:00',0,'3.3kg/箱',2,'饼干糕点，薯片，膨化，烘焙',402,NULL,500,4208,'所有食品都是绿色食品，不含防腐剂，您吃的放心是我们的荣幸'),(40112,1,NULL,'盼盼香辣鸡块 105克',4.00,'/Public/img/goods/23.jpg','http://pic29.nipic.com/20130525/5890690_184803578000_2.jpg,http://pica.nipic.com/2007-12-19/2007121911592513_2.jpg,http://pic22.nipic.com/20120720/8989765_092835333150_2.jpg','2015-05-07 00:00:00',0,'3.3kg/箱',2,'饼干糕点，薯片，膨化，烘焙',402,NULL,500,4208,'所有食品都是绿色食品，不含防腐剂，您吃的放心是我们的荣幸'),(40113,1,NULL,'好丽友 呀！土豆 番茄酱味40克',3.00,'/Public/img/goods/10584128_131324463183_2.jpg','http://pic29.nipic.com/20130525/5890690_184803578000_2.jpg,http://pica.nipic.com/2007-12-19/2007121911592513_2.jpg,http://pic22.nipic.com/20120720/8989765_092835333150_2.jpg','2015-05-07 00:00:00',0,'3.3kg/箱',2,'饼干糕点，薯片，膨化，烘焙',402,NULL,500,4208,'所有食品都是绿色食品，不含防腐剂，您吃的放心是我们的荣幸'),(40114,1,NULL,'好丽友 呀！土豆 滋香烤鸡味 40克',3.00,'/Public/img/goods/W020150327373576406347.jpg','http://pic29.nipic.com/20130525/5890690_184803578000_2.jpg,http://pica.nipic.com/2007-12-19/2007121911592513_2.jpg,http://pic22.nipic.com/20120720/8989765_092835333150_2.jpg','2015-05-07 00:00:00',0,'3.3kg/箱',2,'饼干糕点，薯片，膨化，烘焙',402,NULL,500,4208,'所有食品都是绿色食品，不含防腐剂，您吃的放心是我们的荣幸'),(40203,1,NULL,'乐事 美国经典原味 马铃薯片40g',3.00,'/Public/img/goods/10584128_131324463183_2.jpg','http://pic29.nipic.com/20130525/5890690_184803578000_2.jpg,http://pica.nipic.com/2007-12-19/2007121911592513_2.jpg,http://pic22.nipic.com/20120720/8989765_092835333150_2.jpg','2015-04-19 00:00:00',0,'3.3kg/箱',2,'饼干糕点，薯片，膨化，烘焙',402,NULL,500,4208,'所有食品都是绿色食品，不含防腐剂，您吃的放心是我们的荣幸'),(40204,1,NULL,'乐事 得克萨斯烧烤味 马铃薯片40g',3.00,'/Public/img/goods/W020150327373576406347.jpg','http://pic29.nipic.com/20130525/5890690_184803578000_2.jpg,http://pica.nipic.com/2007-12-19/2007121911592513_2.jpg,http://pic22.nipic.com/20120720/8989765_092835333150_2.jpg','2015-04-19 00:00:00',0,'3.3kg/箱',2,'饼干糕点，薯片，膨化，烘焙',402,NULL,500,4208,'所有食品都是绿色食品，不含防腐剂，您吃的放心是我们的荣幸'),(40205,1,NULL,'乐事 意大利香浓红烩味 马铃薯片40g',3.50,'/Public/img/goods/23.jpg','http://pic29.nipic.com/20130525/5890690_184803578000_2.jpg,http://pica.nipic.com/2007-12-19/2007121911592513_2.jpg,http://pic22.nipic.com/20120720/8989765_092835333150_2.jpg','2015-05-05 00:00:00',0,'3.3kg/箱',2,'饼干糕点，薯片，膨化，烘焙',402,NULL,500,4208,'所有食品都是绿色食品，不含防腐剂，您吃的放心是我们的荣幸'),(40206,1,NULL,'乐事 清新黄瓜味 马铃薯片40g',3.00,'/Public/img/goods/9280c8519530206c.jpg','http://pic29.nipic.com/20130525/5890690_184803578000_2.jpg,http://pica.nipic.com/2007-12-19/2007121911592513_2.jpg,http://pic22.nipic.com/20120720/8989765_092835333150_2.jpg','2015-04-19 00:00:00',0,'3.3kg/箱',2,'饼干糕点，薯片，膨化，烘焙',402,NULL,500,4208,'所有食品都是绿色食品，不含防腐剂，您吃的放心是我们的荣幸'),(40207,1,NULL,'乐事 墨西哥鸡汁番茄味 马铃薯片75g',6.60,'/Public/img/goods/23.jpg','http://pic29.nipic.com/20130525/5890690_184803578000_2.jpg,http://pica.nipic.com/2007-12-19/2007121911592513_2.jpg,http://pic22.nipic.com/20120720/8989765_092835333150_2.jpg','2015-04-26 00:00:00',0,'3.3kg/箱',2,'饼干糕点，薯片，膨化，烘焙，爆款',402,NULL,500,4208,'所有食品都是绿色食品，不含防腐剂，您吃的放心是我们的荣幸'),(40208,1,NULL,'乐事 美国经典原味 马铃薯片 75g',6.60,'/Public/img/goods/10584128_131324463183_2.jpg','http://pic29.nipic.com/20130525/5890690_184803578000_2.jpg,http://pica.nipic.com/2007-12-19/2007121911592513_2.jpg,http://pic22.nipic.com/20120720/8989765_092835333150_2.jpg','2015-04-19 00:00:00',0,'3.3kg/箱',2,'饼干糕点，薯片，膨化，烘焙',402,NULL,500,4208,'所有食品都是绿色食品，不含防腐剂，您吃的放心是我们的荣幸'),(40209,1,NULL,'乐事 意大利香浓红烩味 马铃薯片75g',6.60,'/Public/img/goods/W020150327373576406347.jpg','http://pic29.nipic.com/20130525/5890690_184803578000_2.jpg,http://pica.nipic.com/2007-12-19/2007121911592513_2.jpg,http://pic22.nipic.com/20120720/8989765_092835333150_2.jpg','2015-04-19 00:00:00',0,'3.3kg/箱',2,'饼干糕点，薯片，膨化，烘焙',402,NULL,500,4208,'所有食品都是绿色食品，不含防腐剂，您吃的放心是我们的荣幸'),(40210,1,NULL,'乐事 得克萨斯烧烤味 马铃薯片75g',6.60,'/Public/img/goods/23.jpg','http://pic29.nipic.com/20130525/5890690_184803578000_2.jpg,http://pica.nipic.com/2007-12-19/2007121911592513_2.jpg,http://pic22.nipic.com/20120720/8989765_092835333150_2.jpg','2015-04-19 00:00:00',0,'3.3kg/箱',2,'饼干糕点，薯片，膨化，烘焙',402,NULL,500,4208,'所有食品都是绿色食品，不含防腐剂，您吃的放心是我们的荣幸'),(40301,1,NULL,'港荣 奶香蛋糕（鸡蛋原味）产品有更新，随机发货的',1.00,'/Public/img/goods/9280c8519530206c.jpg','http://pic29.nipic.com/20130525/5890690_184803578000_2.jpg,http://pica.nipic.com/2007-12-19/2007121911592513_2.jpg,http://pic22.nipic.com/20120720/8989765_092835333150_2.jpg','2015-04-21 00:00:00',0,'3.3kg/箱',2,'饼干糕点，薯片，膨化，烘焙',107,NULL,500,4208,'所有食品都是绿色食品，不含防腐剂，您吃的放心是我们的荣幸'),(40302,1,NULL,'三辉麦风 韩式蛋糕 产品有更新，随机发货的',2.00,'/Public/img/goods/23.jpg','http://pic29.nipic.com/20130525/5890690_184803578000_2.jpg,http://pica.nipic.com/2007-12-19/2007121911592513_2.jpg,http://pic22.nipic.com/20120720/8989765_092835333150_2.jpg','2015-04-30 00:00:00',0,'3.3kg/箱',2,'饼干糕点，薯片，膨化，烘焙',107,NULL,500,4208,'所有食品都是绿色食品，不含防腐剂，您吃的放心是我们的荣幸'),(40303,1,NULL,'佰蜂 果町屋 芒果达人 280g',7.50,'/Public/img/goods/10584128_131324463183_2.jpg','http://pic29.nipic.com/20130525/5890690_184803578000_2.jpg,http://pica.nipic.com/2007-12-19/2007121911592513_2.jpg,http://pic22.nipic.com/20120720/8989765_092835333150_2.jpg','2015-04-30 00:00:00',0,'3.3kg/箱',2,'饼干糕点，薯片，膨化，烘焙',107,NULL,500,4208,'所有食品都是绿色食品，不含防腐剂，您吃的放心是我们的荣幸'),(40304,1,NULL,'雪恋 纯薯巧合棒 30g 产品若有更新，随机发货哦',1.50,'/Public/img/goods/W020150327373576406347.jpg','http://pic29.nipic.com/20130525/5890690_184803578000_2.jpg,http://pica.nipic.com/2007-12-19/2007121911592513_2.jpg,http://pic22.nipic.com/20120720/8989765_092835333150_2.jpg','2015-04-21 00:00:00',0,'3.3kg/箱',2,'饼干糕点，薯片，膨化，烘焙',107,NULL,500,4208,'所有食品都是绿色食品，不含防腐剂，您吃的放心是我们的荣幸'),(40305,1,NULL,'疯酥酥 一品蛋酥（原味）',1.20,'/Public/img/goods/23.jpg','http://pic29.nipic.com/20130525/5890690_184803578000_2.jpg,http://pica.nipic.com/2007-12-19/2007121911592513_2.jpg,http://pic22.nipic.com/20120720/8989765_092835333150_2.jpg','2015-04-21 00:00:00',0,'3.3kg/箱',2,'饼干糕点，薯片，膨化，烘焙',107,NULL,500,4208,'所有食品都是绿色食品，不含防腐剂，您吃的放心是我们的荣幸'),(40306,1,NULL,'麦维尔 口袋饼（牛奶味）',1.00,'/Public/img/goods/9280c8519530206c.jpg','http://pic29.nipic.com/20130525/5890690_184803578000_2.jpg,http://pica.nipic.com/2007-12-19/2007121911592513_2.jpg,http://pic22.nipic.com/20120720/8989765_092835333150_2.jpg','2015-04-21 00:00:00',0,'3.3kg/箱',2,'饼干糕点，薯片，膨化，烘焙',107,NULL,500,4208,'所有食品都是绿色食品，不含防腐剂，您吃的放心是我们的荣幸'),(40307,1,NULL,'麦维尔 口袋饼（焦糖咖啡味）',1.00,'/Public/img/goods/23.jpg','http://pic29.nipic.com/20130525/5890690_184803578000_2.jpg,http://pica.nipic.com/2007-12-19/2007121911592513_2.jpg,http://pic22.nipic.com/20120720/8989765_092835333150_2.jpg','2015-04-26 00:00:00',0,'3.3kg/箱',2,'饼干糕点',107,NULL,500,4208,'所有食品都是绿色食品，不含防腐剂，您吃的放心是我们的荣幸'),(40308,1,NULL,'麦维尔 牛舌饼（牛奶味）',1.00,'/Public/img/goods/10584128_131324463183_2.jpg','http://pic29.nipic.com/20130525/5890690_184803578000_2.jpg,http://pica.nipic.com/2007-12-19/2007121911592513_2.jpg,http://pic22.nipic.com/20120720/8989765_092835333150_2.jpg','2015-04-21 00:00:00',0,'3.3kg/箱',2,'饼干糕点，薯片，膨化，烘焙',107,NULL,500,4207,'所有食品都是绿色食品，不含防腐剂，您吃的放心是我们的荣幸'),(40309,1,NULL,'日月潭 鸡蛋果酪18g 产品有更新，随机发货哦',2.00,'/Public/img/goods/W020150327373576406347.jpg','http://pic29.nipic.com/20130525/5890690_184803578000_2.jpg,http://pica.nipic.com/2007-12-19/2007121911592513_2.jpg,http://pic22.nipic.com/20120720/8989765_092835333150_2.jpg','2015-04-21 00:00:00',0,'3.3kg/箱',2,'饼干糕点，薯片，膨化，烘焙',107,NULL,500,4208,'所有食品都是绿色食品，不含防腐剂，您吃的放心是我们的荣幸'),(40310,1,NULL,'泡吧 三明治蛋糕',2.00,'/Public/img/goods/23.jpg','http://pic29.nipic.com/20130525/5890690_184803578000_2.jpg,http://pica.nipic.com/2007-12-19/2007121911592513_2.jpg,http://pic22.nipic.com/20120720/8989765_092835333150_2.jpg','2015-04-30 00:00:00',0,'3.3kg/箱',2,'饼干糕点，薯片，膨化，烘焙',107,NULL,500,4208,'所有食品都是绿色食品，不含防腐剂，您吃的放心是我们的荣幸'),(40311,1,NULL,'泡吧 提子蛋糕',2.00,'/Public/img/goods/9280c8519530206c.jpg','http://pic29.nipic.com/20130525/5890690_184803578000_2.jpg,http://pica.nipic.com/2007-12-19/2007121911592513_2.jpg,http://pic22.nipic.com/20120720/8989765_092835333150_2.jpg','2015-04-30 00:00:00',0,'3.3kg/箱',2,'饼干糕点，薯片，膨化，烘焙',107,NULL,500,4208,'所有食品都是绿色食品，不含防腐剂，您吃的放心是我们的荣幸'),(40312,1,NULL,'绿豆冰糕（原味）产品有更新随机发货哦',2.00,'/Public/img/goods/23.jpg','http://pic29.nipic.com/20130525/5890690_184803578000_2.jpg,http://pica.nipic.com/2007-12-19/2007121911592513_2.jpg,http://pic22.nipic.com/20120720/8989765_092835333150_2.jpg','2015-04-21 00:00:00',0,'3.3kg/箱',2,'饼干糕点，薯片，膨化，烘焙',107,NULL,500,4208,'所有食品都是绿色食品，不含防腐剂，您吃的放心是我们的荣幸'),(40313,1,NULL,'麦吉士 原味切片蛋糕',2.00,'/Public/img/goods/10584128_131324463183_2.jpg','http://pic29.nipic.com/20130525/5890690_184803578000_2.jpg,http://pica.nipic.com/2007-12-19/2007121911592513_2.jpg,http://pic22.nipic.com/20120720/8989765_092835333150_2.jpg','2015-04-21 00:00:00',0,'3.3kg/箱',2,'饼干糕点，薯片，膨化，烘焙',107,NULL,500,4208,'所有食品都是绿色食品，不含防腐剂，您吃的放心是我们的荣幸'),(40314,1,NULL,'麦吉士 芝麻小酥',1.00,'/Public/img/goods/W020150327373576406347.jpg','http://pic29.nipic.com/20130525/5890690_184803578000_2.jpg,http://pica.nipic.com/2007-12-19/2007121911592513_2.jpg,http://pic22.nipic.com/20120720/8989765_092835333150_2.jpg','2015-04-21 00:00:00',0,'3.3kg/箱',2,'饼干糕点，薯片，膨化，烘焙',107,NULL,500,4208,'所有食品都是绿色食品，不含防腐剂，您吃的放心是我们的荣幸'),(40317,1,NULL,'小林煎饼 115g/9小包',12.50,'/Public/img/goods/23.jpg','http://pic29.nipic.com/20130525/5890690_184803578000_2.jpg,http://pica.nipic.com/2007-12-19/2007121911592513_2.jpg,http://pic22.nipic.com/20120720/8989765_092835333150_2.jpg','2015-05-07 00:00:00',0,'3.3kg/箱',2,'饼干糕点，薯片，膨化，烘焙，特色',107,NULL,500,4208,'所有食品都是绿色食品，不含防腐剂，您吃的放心是我们的荣幸'),(40318,1,NULL,'蔓越莓味曲奇饼干 200g',14.00,'/Public/img/goods/10584128_131324463183_2.jpg','http://pic29.nipic.com/20130525/5890690_184803578000_2.jpg,http://pica.nipic.com/2007-12-19/2007121911592513_2.jpg,http://pic22.nipic.com/20120720/8989765_092835333150_2.jpg','2015-05-07 00:00:00',0,'3.3kg/箱',2,'饼干糕点，薯片，膨化，烘焙，爆款',107,NULL,500,4208,'所有食品都是绿色食品，不含防腐剂，您吃的放心是我们的荣幸'),(40319,1,NULL,'巴拿米 蔓越莓西饼 170g',16.00,'/Public/img/goods/W020150327373576406347.jpg','http://pic29.nipic.com/20130525/5890690_184803578000_2.jpg,http://pica.nipic.com/2007-12-19/2007121911592513_2.jpg,http://pic22.nipic.com/20120720/8989765_092835333150_2.jpg','2015-05-07 00:00:00',0,'3.3kg/箱',2,'饼干糕点，薯片，膨化，烘焙，特色',107,NULL,500,4208,'所有食品都是绿色食品，不含防腐剂，您吃的放心是我们的荣幸'),(40321,1,NULL,'布诺牌 原味口袋饼干 170g',17.00,'/Public/img/goods/9280c8519530206c.jpg','http://pic29.nipic.com/20130525/5890690_184803578000_2.jpg,http://pica.nipic.com/2007-12-19/2007121911592513_2.jpg,http://pic22.nipic.com/20120720/8989765_092835333150_2.jpg','2015-05-07 00:00:00',0,'3.3kg/箱',2,'饼干糕点，薯片，膨化，烘焙，爆款',107,NULL,500,4208,'所有食品都是绿色食品，不含防腐剂，您吃的放心是我们的荣幸'),(40322,1,NULL,'布诺牌 奶酪口袋饼干 170g',17.00,'/Public/img/goods/23.jpg','http://pic29.nipic.com/20130525/5890690_184803578000_2.jpg,http://pica.nipic.com/2007-12-19/2007121911592513_2.jpg,http://pic22.nipic.com/20120720/8989765_092835333150_2.jpg','2015-05-07 00:00:00',0,'3.3kg/箱',2,'饼干糕点，薯片，膨化，烘焙，特色',107,NULL,500,4208,'所有食品都是绿色食品，不含防腐剂，您吃的放心是我们的荣幸'),(40401,1,NULL,'好丽友 Q蒂多层蛋糕 2枚',5.00,'/Public/img/goods/9280c8519530206c.jpg','http://pic29.nipic.com/20130525/5890690_184803578000_2.jpg,http://pica.nipic.com/2007-12-19/2007121911592513_2.jpg,http://pic22.nipic.com/20120720/8989765_092835333150_2.jpg','2015-05-07 00:00:00',0,'3.3kg/箱',2,'饼干糕点，薯片，膨化，烘焙',107,NULL,500,4208,'所有食品都是绿色食品，不含防腐剂，您吃的放心是我们的荣幸'),(40402,1,NULL,'上海真老大房 榴莲饼 产品有更新，随机发货哦',2.50,'/Public/img/goods/23.jpg','http://pic29.nipic.com/20130525/5890690_184803578000_2.jpg,http://pica.nipic.com/2007-12-19/2007121911592513_2.jpg,http://pic22.nipic.com/20120720/8989765_092835333150_2.jpg','2015-04-30 00:00:00',0,'3.3kg/箱',2,'饼干糕点，薯片，膨化，烘焙',404,NULL,500,4208,'所有食品都是绿色食品，不含防腐剂，您吃的放心是我们的荣幸'),(40403,1,NULL,'卡尔顿 玛芬窝 蜂巢蛋糕',2.10,'/Public/img/goods/10584128_131324463183_2.jpg','http://pic29.nipic.com/20130525/5890690_184803578000_2.jpg,http://pica.nipic.com/2007-12-19/2007121911592513_2.jpg,http://pic22.nipic.com/20120720/8989765_092835333150_2.jpg','2015-05-07 00:00:00',0,'3.3kg/箱',2,'饼干糕点，薯片，膨化，烘焙',107,NULL,500,4208,'所有食品都是绿色食品，不含防腐剂，您吃的放心是我们的荣幸'),(40404,1,NULL,'吉娃娃 巧克力棒（蔓越莓味）',1.80,'/Public/img/goods/W020150327373576406347.jpg','http://pic29.nipic.com/20130525/5890690_184803578000_2.jpg,http://pica.nipic.com/2007-12-19/2007121911592513_2.jpg,http://pic22.nipic.com/20120720/8989765_092835333150_2.jpg','2015-04-30 00:00:00',0,'3.3kg/箱',2,'饼干糕点，薯片，膨化，烘焙',404,NULL,500,4208,'所有食品都是绿色食品，不含防腐剂，您吃的放心是我们的荣幸'),(40405,1,NULL,'旺旺 开心馒头仔',1.00,'/Public/img/goods/23.jpg','http://pic29.nipic.com/20130525/5890690_184803578000_2.jpg,http://pica.nipic.com/2007-12-19/2007121911592513_2.jpg,http://pic22.nipic.com/20120720/8989765_092835333150_2.jpg','2015-04-21 00:00:00',0,'3.3kg/箱',2,'饼干糕点，薯片，膨化，烘焙',404,NULL,500,4208,'所有食品都是绿色食品，不含防腐剂，您吃的放心是我们的荣幸'),(40406,1,NULL,'长鼻王 膨化夹心卷（蛋黄味）',0.70,'/Public/img/goods/9280c8519530206c.jpg','http://pic29.nipic.com/20130525/5890690_184803578000_2.jpg,http://pica.nipic.com/2007-12-19/2007121911592513_2.jpg,http://pic22.nipic.com/20120720/8989765_092835333150_2.jpg','2015-04-30 00:00:00',0,'3.3kg/箱',2,'饼干糕点，薯片，膨化，烘焙',404,NULL,500,4208,'所有食品都是绿色食品，不含防腐剂，您吃的放心是我们的荣幸'),(90101,1,NULL,'甜玉米 香肠 45g',1.50,'/Public/img/goods/9280c8519530206c.jpg','http://pic29.nipic.com/20130525/5890690_184803578000_2.jpg,http://pica.nipic.com/2007-12-19/2007121911592513_2.jpg,http://pic22.nipic.com/20120720/8989765_092835333150_2.jpg','2015-04-26 00:00:00',0,'3.3kg/箱',2,'火腿肠，烤肠，肠，速食，肉干肉脯，爆款，上新',901,NULL,500,4208,'所有食品都是绿色食品，不含防腐剂，您吃的放心是我们的荣幸'),(90102,1,NULL,'双汇王中王 火腿 35g',1.50,'/Public/img/goods/23.jpg','http://pic29.nipic.com/20130525/5890690_184803578000_2.jpg,http://pica.nipic.com/2007-12-19/2007121911592513_2.jpg,http://pic22.nipic.com/20120720/8989765_092835333150_2.jpg','2015-04-26 00:00:00',0,'3.3kg/箱',2,'特色，上新，火腿，肉脯，',901,NULL,500,4208,'所有食品都是绿色食品，不含防腐剂，您吃的放心是我们的荣幸'),(90103,1,NULL,'润口香甜王 香肠 48g',1.50,'/Public/img/goods/10584128_131324463183_2.jpg','http://pic29.nipic.com/20130525/5890690_184803578000_2.jpg,http://pica.nipic.com/2007-12-19/2007121911592513_2.jpg,http://pic22.nipic.com/20120720/8989765_092835333150_2.jpg','2015-04-26 00:00:00',0,'3.3kg/箱',2,'火腿肠，烤肠，肠，速食，肉干肉脯，爆款，上新',901,NULL,500,4208,'所有食品都是绿色食品，不含防腐剂，您吃的放心是我们的荣幸'),(90104,1,NULL,'泡面拍档 香肠 90g',2.00,'/Public/img/goods/W020150327373576406347.jpg','http://pic29.nipic.com/20130525/5890690_184803578000_2.jpg,http://pica.nipic.com/2007-12-19/2007121911592513_2.jpg,http://pic22.nipic.com/20120720/8989765_092835333150_2.jpg','2015-04-30 00:00:00',0,'3.3kg/箱',2,'特色，上新，火腿，肉脯，',901,NULL,500,4208,'所有食品都是绿色食品，不含防腐剂，您吃的放心是我们的荣幸'),(90105,1,NULL,'弹脆 香肠 70g',1.50,'/Public/img/goods/23.jpg','http://pic29.nipic.com/20130525/5890690_184803578000_2.jpg,http://pica.nipic.com/2007-12-19/2007121911592513_2.jpg,http://pic22.nipic.com/20120720/8989765_092835333150_2.jpg','2015-04-26 00:00:00',0,'3.3kg/箱',2,'爆款，特色，火腿，肉脯',901,NULL,500,4208,'所有食品都是绿色食品，不含防腐剂，您吃的放心是我们的荣幸'),(90106,1,NULL,'康师傅香辣牛肉面袋装',1.00,'/Public/img/goods/9280c8519530206c.jpg','http://pic29.nipic.com/20130525/5890690_184803578000_2.jpg,http://pica.nipic.com/2007-12-19/2007121911592513_2.jpg,http://pic22.nipic.com/20120720/8989765_092835333150_2.jpg','2015-04-26 00:00:00',0,'3.3kg/箱',2,'火腿，肉脯，泡面',901,NULL,500,4208,'所有食品都是绿色食品，不含防腐剂，您吃的放心是我们的荣幸'),(90107,1,NULL,'吾必香 爆蜡 鸭脖 20g',1.00,'/Public/img/goods/23.jpg','http://pic29.nipic.com/20130525/5890690_184803578000_2.jpg,http://pica.nipic.com/2007-12-19/2007121911592513_2.jpg,http://pic22.nipic.com/20120720/8989765_092835333150_2.jpg','2015-04-26 00:00:00',0,'3.3kg/箱',2,'',901,NULL,500,4208,'所有食品都是绿色食品，不含防腐剂，您吃的放心是我们的荣幸'),(90108,1,NULL,'乡巴佬 卤蛋30g',1.00,'/Public/img/goods/10584128_131324463183_2.jpg','http://pic29.nipic.com/20130525/5890690_184803578000_2.jpg,http://pica.nipic.com/2007-12-19/2007121911592513_2.jpg,http://pic22.nipic.com/20120720/8989765_092835333150_2.jpg','2015-04-26 00:00:00',0,'3.3kg/箱',2,'火腿肠，卤蛋，烤肠，肠，速食，肉干肉脯',901,NULL,500,4208,'所有食品都是绿色食品，不含防腐剂，您吃的放心是我们的荣幸'),(90109,1,NULL,'统一小浣熊干吃面',1.00,'/Public/img/goods/W020150327373576406347.jpg','http://pic29.nipic.com/20130525/5890690_184803578000_2.jpg,http://pica.nipic.com/2007-12-19/2007121911592513_2.jpg,http://pic22.nipic.com/20120720/8989765_092835333150_2.jpg','2015-04-30 00:00:00',0,'3.3kg/箱',2,'泡面，方便面，速食，袋装',901,NULL,500,4208,'所有食品都是绿色食品，不含防腐剂，您吃的放心是我们的荣幸'),(90110,1,NULL,'双汇Q趣火腿肠85g',1.00,'/Public/img/goods/23.jpg','http://pic29.nipic.com/20130525/5890690_184803578000_2.jpg,http://pica.nipic.com/2007-12-19/2007121911592513_2.jpg,http://pic22.nipic.com/20120720/8989765_092835333150_2.jpg','2015-04-26 00:00:00',0,'3.3kg/箱',2,'火腿肠，烤肠，肠，速食，肉干肉脯',901,NULL,500,4208,'所有食品都是绿色食品，不含防腐剂，您吃的放心是我们的荣幸'),(90111,1,NULL,'渔夫 鱼豆腐',1.00,'/Public/img/goods/9280c8519530206c.jpg','http://pic29.nipic.com/20130525/5890690_184803578000_2.jpg,http://pica.nipic.com/2007-12-19/2007121911592513_2.jpg,http://pic22.nipic.com/20120720/8989765_092835333150_2.jpg','2015-05-05 00:00:00',0,'3.3kg/箱',2,'肉脯肉干，特色',901,NULL,500,4208,'所有食品都是绿色食品，不含防腐剂，您吃的放心是我们的荣幸'),(90112,1,NULL,'宏香记 奥尔良烤肉豆腐',1.00,'/Public/img/goods/23.jpg','http://pic29.nipic.com/20130525/5890690_184803578000_2.jpg,http://pica.nipic.com/2007-12-19/2007121911592513_2.jpg,http://pic22.nipic.com/20120720/8989765_092835333150_2.jpg','2015-05-05 00:00:00',0,'3.3kg/箱',2,'肉干肉脯，特色',901,NULL,500,4208,'所有食品都是绿色食品，不含防腐剂，您吃的放心是我们的荣幸'),(90113,1,NULL,'贤嫂 砂锅豆腐',1.00,'/Public/img/goods/10584128_131324463183_2.jpg','http://pic29.nipic.com/20130525/5890690_184803578000_2.jpg,http://pica.nipic.com/2007-12-19/2007121911592513_2.jpg,http://pic22.nipic.com/20120720/8989765_092835333150_2.jpg','2015-05-05 00:00:00',0,'3.3kg/箱',2,'肉干肉脯，特色，爆款',901,NULL,500,4208,'所有食品都是绿色食品，不含防腐剂，您吃的放心是我们的荣幸'),(90114,1,NULL,'金大洲 香辣金针菇',1.00,'/Public/img/goods/W020150327373576406347.jpg','http://pic29.nipic.com/20130525/5890690_184803578000_2.jpg,http://pica.nipic.com/2007-12-19/2007121911592513_2.jpg,http://pic22.nipic.com/20120720/8989765_092835333150_2.jpg','2015-05-05 00:00:00',0,'3.3kg/箱',2,'肉干肉脯，特色，爆款',901,NULL,500,4208,'所有食品都是绿色食品，不含防腐剂，您吃的放心是我们的荣幸'),(90115,1,NULL,'阿胶枣 迷你包',1.00,'/Public/img/goods/23.jpg','http://pic29.nipic.com/20130525/5890690_184803578000_2.jpg,http://pica.nipic.com/2007-12-19/2007121911592513_2.jpg,http://pic22.nipic.com/20120720/8989765_092835333150_2.jpg','2015-05-05 00:00:00',0,'3.3kg/箱',2,'坚果蜜饯，糖果布丁，特色',901,NULL,500,4208,'所有食品都是绿色食品，不含防腐剂，您吃的放心是我们的荣幸'),(90116,1,NULL,'美国青豆 3包',1.00,'/Public/img/goods/9280c8519530206c.jpg','http://pic29.nipic.com/20130525/5890690_184803578000_2.jpg,http://pica.nipic.com/2007-12-19/2007121911592513_2.jpg,http://pic22.nipic.com/20120720/8989765_092835333150_2.jpg','2015-05-05 00:00:00',0,'3.3kg/箱',2,'坚果蜜饯，糖果布丁，特色',901,NULL,500,4208,'所有食品都是绿色食品，不含防腐剂，您吃的放心是我们的荣幸'),(100101,1,NULL,'限时抢购区里的商品一个订单只能购买一个哦',1.00,'/Public/img/goods/9280c8519530206c.jpg','http://pic29.nipic.com/20130525/5890690_184803578000_2.jpg,http://pica.nipic.com/2007-12-19/2007121911592513_2.jpg,http://pic22.nipic.com/20120720/8989765_092835333150_2.jpg','2015-04-22 00:00:00',0,'3.3kg/箱',2,'',1001,NULL,500,4208,'所有食品都是绿色食品，不含防腐剂，您吃的放心是我们的荣幸'),(100114,3,NULL,'1',1.00,NULL,NULL,'2016-09-11 16:31:26',0,'3.3kg/箱',2,'1',105,1.00,500,1,'1'),(100115,3,NULL,'1',1.00,NULL,NULL,'2016-09-11 16:35:38',0,'3.3kg/箱',2,'1',105,1.00,500,1,'1'),(100116,3,NULL,'1',1.00,NULL,NULL,'2016-09-11 16:43:06',0,'3.3kg/箱',2,'1',105,1.00,500,1,'1'),(100117,3,NULL,'1',1.00,NULL,NULL,'2016-09-11 16:52:14',0,'3.3kg/箱',2,'1',105,1.00,500,1,'1'),(100118,3,NULL,'2',2.00,NULL,NULL,'2016-09-11 17:14:26',0,'3.3kg/箱',2,'2',105,2.00,500,2,'2'),(100131,2,NULL,'1',1.00,'',NULL,'2016-09-12 21:54:25',0,'3.3kg/箱',2,'1',105,1.00,500,1,'1'),(100142,1,NULL,'zzz',12.00,'',NULL,'2016-09-16 10:38:29',1,'3.3kg/箱',2,'',105,12.00,500,12,'as'),(100143,1,NULL,'12',12.00,'',NULL,'2016-09-16 10:49:02',1,'3.3kg/箱',2,'',105,121.00,500,121,'131'),(100144,1,'2','asd',12.00,'',NULL,'2016-09-16 11:00:14',1,'3.3kg/箱',2,'',105,12.00,503,10,'adas'),(100153,1,'2','23432',234.00,'',NULL,'2016-09-16 21:08:27',1,'3.3kg/箱',2,'',105,234.00,500,235,'23432'),(100159,1,'2','sad',123.00,'http://i1.piimg.com/571132/7feea900ab381da1.jpg',NULL,'2016-09-20 21:25:50',1,'3.3kg/箱',2,'',106,123.00,516,29,'sad'),(100174,1,'178','asdf',12.00,'http://i1.piimg.com/571132/7feea900ab381da1.jpg',NULL,'2016-09-28 21:00:08',1,'3.3kg/箱',2,'',106,12.00,123,120,'dsaf'),(100175,2,'2','aaaaaaaaa',12.00,'',NULL,'2016-10-02 15:20:03',0,'3.3kg/箱',2,'',106,12.00,12,12,'123'),(100177,2,'178','11111111',12.00,'',NULL,'2016-10-02 15:34:50',0,'3.3kg/箱',2,'',106,12.00,10,10,'11111'),(100178,2,'178','1111111',0.00,'',NULL,'2016-10-02 15:35:11',0,'3.3kg/箱',2,'',106,0.00,0,0,'1111111'),(100179,29,'2','aaaaaaaa',0.00,'',NULL,'2016-10-02 16:13:43',0,'3.3kg/箱',2,'',106,0.00,100,100,'aaa'),(100181,1,'178','1111111',0.00,'',NULL,'2016-10-03 21:26:28',1,'3.3kg/箱',2,'',106,0.00,10000,9980,'111111'),(100183,1,'2','111111',12.00,'',NULL,'2016-10-04 12:06:39',1,'3.3kg/箱',2,'',106,12.00,90,75,'11111'),(100184,2,'2','1111111',12.00,'',NULL,'2016-10-04 12:08:47',0,'3.3kg/箱',2,'',106,12.00,12,11,'1111'),(100189,1,'178','werew',2.00,'http://henan.sinaimg.cn/2010/1202/U4442P827DT20101202173233.jpg',NULL,'2016-11-03 17:10:45',1,'3.3kg/箱',2,'',106,22.00,34,34,'21321'),(100192,1,'178','qweqw',120.00,'http://img3.imgtn.bdimg.com/it/u=1859458545,943342896&fm=21&gp=0.jpg',NULL,'2016-11-03 20:36:22',1,'3.3kg/箱',2,'',107,12.00,33,33,'123'),(100200,1,'178','ghhj',12.00,'http://npic7.edushi.com/cn/zixun/zh-chs/2015-09/25/a865379da79c4a0a9d19c293175d0f68.jpg',NULL,'2016-11-05 17:29:51',1,'3.3kg/箱',2,'',106,12.00,32,14,'kjhkjh'),(100201,1,'2','sdasd',0.00,'http://wx.120askimages.com/upload/2013/04/55270_1.jpg',NULL,'2016-11-06 20:33:35',1,'3.3kg/箱',2,'',106,0.00,1030,1017,'asdsad'),(100202,1,'2','dsfdsf',21.00,'https://ss1.baidu.com/6ONXsjip0QIZ8tyhnq/it/u=1308028456,1970825325&fm=80&w=179&h=119&img.JPEG',NULL,'2016-11-07 20:07:28',1,'3.3kg/箱',2,'',106,11.00,22,22,'dsafdsfds'),(100203,1,'2','321321',34.00,'http://img.daimg.com/uploads/allimg/120517/1-12051H34951924.jpg',NULL,'2016-11-11 19:52:12',1,'3.3kg/箱',2,'',106,5.00,206,206,'11651'),(100205,1,'123456','ddd',3.00,'',NULL,'2017-06-04 11:12:25',0,NULL,0,'',106,2.00,1,1,'ddd');
/*!40000 ALTER TABLE `food` ENABLE KEYS */;
UNLOCK TABLES;

--
-- Table structure for table `food_category`
--

DROP TABLE IF EXISTS `food_category`;
/*!40101 SET @saved_cs_client     = @@character_set_client */;
/*!40101 SET character_set_client = utf8 */;
CREATE TABLE `food_category` (
  `category_id` int(11) NOT NULL AUTO_INCREMENT COMMENT '分类id',
  `category` varchar(255) DEFAULT NULL,
  `img_url` varchar(255) DEFAULT NULL,
  `is_open` smallint(1) NOT NULL DEFAULT '1',
  PRIMARY KEY (`category_id`),
  KEY `campus_cateogry` (`category_id`)
) ENGINE=InnoDB AUTO_INCREMENT=205 DEFAULT CHARSET=utf8;
/*!40101 SET character_set_client = @saved_cs_client */;

--
-- Dumping data for table `food_category`
--

LOCK TABLES `food_category` WRITE;
/*!40000 ALTER TABLE `food_category` DISABLE KEYS */;
INSERT INTO `food_category` VALUES (106,'水果',NULL,0),(107,'美酒',NULL,1),(201,'特产',NULL,1),(204,'其它',NULL,0);
/*!40000 ALTER TABLE `food_category` ENABLE KEYS */;
UNLOCK TABLES;

--
-- Table structure for table `food_detail`
--

DROP TABLE IF EXISTS `food_detail`;
/*!40101 SET @saved_cs_client     = @@character_set_client */;
/*!40101 SET character_set_client = utf8 */;
CREATE TABLE `food_detail` (
  `food_id` int(20) NOT NULL DEFAULT '0',
  `use_time` varchar(255) DEFAULT NULL,
  `bespoke` varchar(255) DEFAULT NULL,
  `rule` varchar(255) DEFAULT NULL,
  `cue` varchar(255) DEFAULT NULL,
  `food_url` varchar(255) DEFAULT NULL,
  PRIMARY KEY (`food_id`),
  UNIQUE KEY `food_id` (`food_id`)
) ENGINE=InnoDB DEFAULT CHARSET=utf8;
/*!40101 SET character_set_client = @saved_cs_client */;

--
-- Dumping data for table `food_detail`
--

LOCK TABLES `food_detail` WRITE;
/*!40000 ALTER TABLE `food_detail` DISABLE KEYS */;
INSERT INTO `food_detail` VALUES (0,'aaaaaaaaaaaa','bbbbbbbbbb','dddddddddddddd','fffffffffff',NULL),(1,'aaaaaaaaaaaa','bbbbbbbbbb','dddddddddddddd','fffffffffff',NULL),(10109,'aaaaaaaaaaaa','bbbbbbbbbb','dddddddddddddd','fffffffffff','localhost:8080/xProgram/mobile/10109.html'),(10111,'aaaaaaaaaaaa','bbbbbbbbbb','dddddddddddddd','fffffffffff',NULL),(10112,'aaaaaaaaaaaa','bbbbbbbbbb','dddddddddddddd','fffffffffff',NULL),(10113,'aaaaaaaaaaaa','bbbbbbbbbb','dddddddddddddd','fffffffffff',NULL),(10114,'aaaaaaaaaaaa','bbbbbbbbbb','dddddddddddddd','fffffffffff',NULL),(10115,'aaaaaaaaaaaa','bbbbbbbbbb','dddddddddddddd','fffffffffff',NULL),(10116,'aaaaaaaaaaaa','bbbbbbbbbb','dddddddddddddd','fffffffffff',NULL),(10117,'aaaaaaaaaaaa','bbbbbbbbbb','dddddddddddddd','fffffffffff',NULL),(10118,'aaaaaaaaaaaa','bbbbbbbbbb','dddddddddddddd','fffffffffff',NULL),(10119,'aaaaaaaaaaaa','bbbbbbbbbb','dddddddddddddd','fffffffffff',NULL),(10120,'aaaaaaaaaaaa','bbbbbbbbbb','dddddddddddddd','fffffffffff',NULL),(10121,'aaaaaaaaaaaa','bbbbbbbbbb','dddddddddddddd','fffffffffff',NULL),(10122,'aaaaaaaaaaaa','bbbbbbbbbb','dddddddddddddd','fffffffffff',NULL),(10123,'aaaaaaaaaaaa','bbbbbbbbbb','dddddddddddddd','fffffffffff',NULL),(10124,'aaaaaaaaaaaa','bbbbbbbbbb','dddddddddddddd','fffffffffff',NULL),(10125,'aaaaaaaaaaaa','bbbbbbbbbb','dddddddddddddd','fffffffffff',NULL),(10126,'aaaaaaaaaaaa','bbbbbbbbbb','dddddddddddddd','fffffffffff',NULL),(10127,'aaaaaaaaaaaa','bbbbbbbbbb','dddddddddddddd','fffffffffff',NULL),(10128,'aaaaaaaaaaaa','bbbbbbbbbb','dddddddddddddd','fffffffffff',NULL),(10129,'aaaaaaaaaaaa','bbbbbbbbbb','dddddddddddddd','fffffffffff',NULL),(10130,'aaaaaaaaaaaa','bbbbbbbbbb','dddddddddddddd','fffffffffff','localhost:8080/xProgram/mobile/10130.html'),(10131,'aaaaaaaaaaaa','bbbbbbbbbb','dddddddddddddd','fffffffffff',NULL),(10132,'aaaaaaaaaaaa','bbbbbbbbbb','dddddddddddddd','fffffffffff',NULL),(10133,'aaaaaaaaaaaa','bbbbbbbbbb','dddddddddddddd','fffffffffff',NULL),(10134,'aaaaaaaaaaaa','bbbbbbbbbb','dddddddddddddd','fffffffffff',NULL),(10135,'aaaaaaaaaaaa','bbbbbbbbbb','dddddddddddddd','fffffffffff',NULL),(10136,'aaaaaaaaaaaa','bbbbbbbbbb','dddddddddddddd','fffffffffff',NULL),(10137,'aaaaaaaaaaaa','bbbbbbbbbb','dddddddddddddd','fffffffffff',NULL),(10138,'aaaaaaaaaaaa','bbbbbbbbbb','dddddddddddddd','fffffffffff',NULL),(10139,'aaaaaaaaaaaa','bbbbbbbbbb','dddddddddddddd','fffffffffff',NULL),(10140,'aaaaaaaaaaaa','bbbbbbbbbb','dddddddddddddd','fffffffffff',NULL),(10141,'aaaaaaaaaaaa','bbbbbbbbbb','dddddddddddddd','fffffffffff',NULL),(10142,'aaaaaaaaaaaa','bbbbbbbbbb','dddddddddddddd','fffffffffff',NULL),(10143,'aaaaaaaaaaaa','bbbbbbbbbb','dddddddddddddd','fffffffffff',NULL),(10144,'aaaaaaaaaaaa','bbbbbbbbbb','dddddddddddddd','fffffffffff',NULL),(10145,'aaaaaaaaaaaa','bbbbbbbbbb','dddddddddddddd','fffffffffff',NULL),(10202,'aaaaaaaaaaaa','bbbbbbbbbb','dddddddddddddd','fffffffffff',NULL),(10203,'aaaaaaaaaaaa','bbbbbbbbbb','dddddddddddddd','fffffffffff',NULL),(10204,'aaaaaaaaaaaa','bbbbbbbbbb','dddddddddddddd','fffffffffff',NULL),(10205,'aaaaaaaaaaaa','bbbbbbbbbb','dddddddddddddd','fffffffffff',NULL),(10206,'aaaaaaaaaaaa','bbbbbbbbbb','dddddddddddddd','fffffffffff',NULL),(10207,'aaaaaaaaaaaa','bbbbbbbbbb','dddddddddddddd','fffffffffff',NULL),(10209,'aaaaaaaaaaaa','bbbbbbbbbb','dddddddddddddd','fffffffffff',NULL),(10210,'aaaaaaaaaaaa','bbbbbbbbbb','dddddddddddddd','fffffffffff',NULL),(10301,'aaaaaaaaaaaa','bbbbbbbbbb','dddddddddddddd','fffffffffff',NULL),(10302,'aaaaaaaaaaaa','bbbbbbbbbb','dddddddddddddd','fffffffffff',NULL),(10401,'aaaaaaaaaaaa','bbbbbbbbbb','dddddddddddddd','fffffffffff',NULL),(10402,'aaaaaaaaaaaa','bbbbbbbbbb','dddddddddddddd','fffffffffff',NULL),(10403,'aaaaaaaaaaaa','bbbbbbbbbb','dddddddddddddd','fffffffffff',NULL),(10404,'aaaaaaaaaaaa','bbbbbbbbbb','dddddddddddddd','fffffffffff',NULL),(10405,'aaaaaaaaaaaa','bbbbbbbbbb','dddddddddddddd','fffffffffff',NULL),(10406,'aaaaaaaaaaaa','bbbbbbbbbb','dddddddddddddd','fffffffffff',NULL),(10407,'aaaaaaaaaaaa','bbbbbbbbbb','dddddddddddddd','fffffffffff',NULL),(10408,'aaaaaaaaaaaa','bbbbbbbbbb','dddddddddddddd','fffffffffff',NULL),(10409,'aaaaaaaaaaaa','bbbbbbbbbb','dddddddddddddd','fffffffffff',NULL),(10410,'aaaaaaaaaaaa','bbbbbbbbbb','dddddddddddddd','fffffffffff',NULL),(10411,'aaaaaaaaaaaa','bbbbbbbbbb','dddddddddddddd','fffffffffff',NULL),(10412,'aaaaaaaaaaaa','bbbbbbbbbb','dddddddddddddd','fffffffffff',NULL),(10413,'aaaaaaaaaaaa','bbbbbbbbbb','dddddddddddddd','fffffffffff',NULL),(10414,'aaaaaaaaaaaa','bbbbbbbbbb','dddddddddddddd','fffffffffff',NULL),(10415,'aaaaaaaaaaaa','bbbbbbbbbb','dddddddddddddd','fffffffffff',NULL),(10416,'aaaaaaaaaaaa','bbbbbbbbbb','dddddddddddddd','fffffffffff',NULL),(10418,'aaaaaaaaaaaa','bbbbbbbbbb','dddddddddddddd','fffffffffff',NULL),(10502,'aaaaaaaaaaaa','bbbbbbbbbb','dddddddddddddd','fffffffffff',NULL),(10503,'aaaaaaaaaaaa','bbbbbbbbbb','dddddddddddddd','fffffffffff',NULL),(10504,'aaaaaaaaaaaa','bbbbbbbbbb','dddddddddddddd','fffffffffff',NULL),(10505,'aaaaaaaaaaaa','bbbbbbbbbb','dddddddddddddd','fffffffffff',NULL),(10506,'aaaaaaaaaaaa','bbbbbbbbbb','dddddddddddddd','fffffffffff',NULL),(10507,'aaaaaaaaaaaa','bbbbbbbbbb','dddddddddddddd','fffffffffff',NULL),(10601,'aaaaaaaaaaaa','bbbbbbbbbb','dddddddddddddd','fffffffffff',NULL),(10602,'aaaaaaaaaaaa','bbbbbbbbbb','dddddddddddddd','fffffffffff',NULL),(10603,'aaaaaaaaaaaa','bbbbbbbbbb','dddddddddddddd','fffffffffff',NULL),(10604,'aaaaaaaaaaaa','bbbbbbbbbb','dddddddddddddd','fffffffffff',NULL),(10605,'aaaaaaaaaaaa','bbbbbbbbbb','dddddddddddddd','fffffffffff',NULL),(10607,'aaaaaaaaaaaa','bbbbbbbbbb','dddddddddddddd','fffffffffff',NULL),(10608,'aaaaaaaaaaaa','bbbbbbbbbb','dddddddddddddd','fffffffffff',NULL),(10609,'aaaaaaaaaaaa','bbbbbbbbbb','dddddddddddddd','fffffffffff',NULL),(10610,'aaaaaaaaaaaa','bbbbbbbbbb','dddddddddddddd','fffffffffff',NULL),(10611,'aaaaaaaaaaaa','bbbbbbbbbb','dddddddddddddd','fffffffffff',NULL),(10612,'aaaaaaaaaaaa','bbbbbbbbbb','dddddddddddddd','fffffffffff',NULL),(10613,'aaaaaaaaaaaa','bbbbbbbbbb','dddddddddddddd','fffffffffff',NULL),(10614,'aaaaaaaaaaaa','bbbbbbbbbb','dddddddddddddd','fffffffffff',NULL),(10615,'aaaaaaaaaaaa','bbbbbbbbbb','dddddddddddddd','fffffffffff',NULL),(10617,'aaaaaaaaaaaa','bbbbbbbbbb','dddddddddddddd','fffffffffff',NULL),(10618,'aaaaaaaaaaaa','bbbbbbbbbb','dddddddddddddd','fffffffffff',NULL),(10619,'aaaaaaaaaaaa','bbbbbbbbbb','dddddddddddddd','fffffffffff',NULL),(10620,'aaaaaaaaaaaa','bbbbbbbbbb','dddddddddddddd','fffffffffff',NULL),(10621,'aaaaaaaaaaaa','bbbbbbbbbb','dddddddddddddd','fffffffffff',NULL),(10622,'aaaaaaaaaaaa','bbbbbbbbbb','dddddddddddddd','fffffffffff',NULL),(10623,'aaaaaaaaaaaa','bbbbbbbbbb','dddddddddddddd','fffffffffff',NULL),(10624,'aaaaaaaaaaaa','bbbbbbbbbb','dddddddddddddd','fffffffffff',NULL),(10625,'aaaaaaaaaaaa','bbbbbbbbbb','dddddddddddddd','fffffffffff',NULL),(10626,'aaaaaaaaaaaa','bbbbbbbbbb','dddddddddddddd','fffffffffff',NULL),(10701,'aaaaaaaaaaaa','bbbbbbbbbb','dddddddddddddd','fffffffffff',NULL),(10702,'aaaaaaaaaaaa','bbbbbbbbbb','dddddddddddddd','fffffffffff',NULL),(10703,'aaaaaaaaaaaa','bbbbbbbbbb','dddddddddddddd','fffffffffff',NULL),(10704,'aaaaaaaaaaaa','bbbbbbbbbb','dddddddddddddd','fffffffffff',NULL),(10705,'aaaaaaaaaaaa','bbbbbbbbbb','dddddddddddddd','fffffffffff',NULL),(10706,'aaaaaaaaaaaa','bbbbbbbbbb','dddddddddddddd','fffffffffff',NULL),(10707,'aaaaaaaaaaaa','bbbbbbbbbb','dddddddddddddd','fffffffffff',NULL),(10708,'aaaaaaaaaaaa','bbbbbbbbbb','dddddddddddddd','fffffffffff',NULL),(10709,'aaaaaaaaaaaa','bbbbbbbbbb','dddddddddddddd','fffffffffff',NULL),(10710,'aaaaaaaaaaaa','bbbbbbbbbb','dddddddddddddd','fffffffffff',NULL),(10711,'aaaaaaaaaaaa','bbbbbbbbbb','dddddddddddddd','fffffffffff',NULL),(10712,'aaaaaaaaaaaa','bbbbbbbbbb','dddddddddddddd','fffffffffff',NULL),(10713,'aaaaaaaaaaaa','bbbbbbbbbb','dddddddddddddd','fffffffffff',NULL),(10714,'aaaaaaaaaaaa','bbbbbbbbbb','dddddddddddddd','fffffffffff',NULL),(10715,'aaaaaaaaaaaa','bbbbbbbbbb','dddddddddddddd','fffffffffff',NULL),(10716,'aaaaaaaaaaaa','bbbbbbbbbb','dddddddddddddd','fffffffffff',NULL),(10718,'aaaaaaaaaaaa','bbbbbbbbbb','dddddddddddddd','fffffffffff',NULL),(10719,'aaaaaaaaaaaa','bbbbbbbbbb','dddddddddddddd','fffffffffff',NULL),(10720,'aaaaaaaaaaaa','bbbbbbbbbb','dddddddddddddd','fffffffffff',NULL),(10722,'aaaaaaaaaaaa','bbbbbbbbbb','dddddddddddddd','fffffffffff',NULL),(19999,'111111111','2222222','44444444','333333333','localhost:8080/xProgram/mobile/19999.html'),(20101,'aaaaaaaaaaaa','bbbbbbbbbb','dddddddddddddd','fffffffffff',NULL),(20102,'aaaaaaaaaaaa','bbbbbbbbbb','dddddddddddddd','fffffffffff',NULL),(20103,'aaaaaaaaaaaa','bbbbbbbbbb','dddddddddddddd','fffffffffff',NULL),(20104,'aaaaaaaaaaaa','bbbbbbbbbb','dddddddddddddd','fffffffffff',NULL),(20107,'aaaaaaaaaaaa','bbbbbbbbbb','dddddddddddddd','fffffffffff',NULL),(20109,'aaaaaaaaaaaa','bbbbbbbbbb','dddddddddddddd','fffffffffff',NULL),(20110,'aaaaaaaaaaaa','bbbbbbbbbb','dddddddddddddd','fffffffffff',NULL),(20111,'aaaaaaaaaaaa','bbbbbbbbbb','dddddddddddddd','fffffffffff',NULL),(20112,'aaaaaaaaaaaa','bbbbbbbbbb','dddddddddddddd','fffffffffff',NULL),(20204,'aaaaaaaaaaaa','bbbbbbbbbb','dddddddddddddd','fffffffffff',NULL),(20205,'aaaaaaaaaaaa','bbbbbbbbbb','dddddddddddddd','fffffffffff',NULL),(20206,'aaaaaaaaaaaa','bbbbbbbbbb','dddddddddddddd','fffffffffff',NULL),(20207,'aaaaaaaaaaaa','bbbbbbbbbb','dddddddddddddd','fffffffffff',NULL),(20208,'aaaaaaaaaaaa','bbbbbbbbbb','dddddddddddddd','fffffffffff',NULL),(20209,'aaaaaaaaaaaa','bbbbbbbbbb','dddddddddddddd','fffffffffff',NULL),(20210,'aaaaaaaaaaaa','bbbbbbbbbb','dddddddddddddd','fffffffffff',NULL),(20211,'aaaaaaaaaaaa','bbbbbbbbbb','dddddddddddddd','fffffffffff',NULL),(20212,'aaaaaaaaaaaa','bbbbbbbbbb','dddddddddddddd','fffffffffff',NULL),(20213,'aaaaaaaaaaaa','bbbbbbbbbb','dddddddddddddd','fffffffffff',NULL),(20214,'aaaaaaaaaaaa','bbbbbbbbbb','dddddddddddddd','fffffffffff',NULL),(20215,'aaaaaaaaaaaa','bbbbbbbbbb','dddddddddddddd','fffffffffff',NULL),(20216,'aaaaaaaaaaaa','bbbbbbbbbb','dddddddddddddd','fffffffffff',NULL),(20301,'aaaaaaaaaaaa','bbbbbbbbbb','dddddddddddddd','fffffffffff',NULL),(20302,'aaaaaaaaaaaa','bbbbbbbbbb','dddddddddddddd','fffffffffff',NULL),(20304,'aaaaaaaaaaaa','bbbbbbbbbb','dddddddddddddd','fffffffffff',NULL),(20305,'aaaaaaaaaaaa','bbbbbbbbbb','dddddddddddddd','fffffffffff',NULL),(20306,'aaaaaaaaaaaa','bbbbbbbbbb','dddddddddddddd','fffffffffff',NULL),(20307,'aaaaaaaaaaaa','bbbbbbbbbb','dddddddddddddd','fffffffffff',NULL),(20308,'aaaaaaaaaaaa','bbbbbbbbbb','dddddddddddddd','fffffffffff',NULL),(20309,'aaaaaaaaaaaa','bbbbbbbbbb','dddddddddddddd','fffffffffff',NULL),(20310,'aaaaaaaaaaaa','bbbbbbbbbb','dddddddddddddd','fffffffffff',NULL),(20401,'aaaaaaaaaaaa','bbbbbbbbbb','dddddddddddddd','fffffffffff',NULL),(20402,'aaaaaaaaaaaa','bbbbbbbbbb','dddddddddddddd','fffffffffff',NULL),(20404,'aaaaaaaaaaaa','bbbbbbbbbb','dddddddddddddd','fffffffffff',NULL),(20406,'aaaaaaaaaaaa','bbbbbbbbbb','dddddddddddddd','fffffffffff',NULL),(20407,'aaaaaaaaaaaa','bbbbbbbbbb','dddddddddddddd','fffffffffff',NULL),(20502,'aaaaaaaaaaaa','bbbbbbbbbb','dddddddddddddd','fffffffffff',NULL),(20601,'aaaaaaaaaaaa','bbbbbbbbbb','dddddddddddddd','fffffffffff',NULL),(20602,'aaaaaaaaaaaa','bbbbbbbbbb','dddddddddddddd','fffffffffff',NULL),(20603,'aaaaaaaaaaaa','bbbbbbbbbb','dddddddddddddd','fffffffffff',NULL),(20604,'aaaaaaaaaaaa','bbbbbbbbbb','dddddddddddddd','fffffffffff',NULL),(20605,'aaaaaaaaaaaa','bbbbbbbbbb','dddddddddddddd','fffffffffff',NULL),(20606,'aaaaaaaaaaaa','bbbbbbbbbb','dddddddddddddd','fffffffffff',NULL),(20607,'aaaaaaaaaaaa','bbbbbbbbbb','dddddddddddddd','fffffffffff',NULL),(20608,'aaaaaaaaaaaa','bbbbbbbbbb','dddddddddddddd','fffffffffff',NULL),(20609,'aaaaaaaaaaaa','bbbbbbbbbb','dddddddddddddd','fffffffffff',NULL),(20610,'aaaaaaaaaaaa','bbbbbbbbbb','dddddddddddddd','fffffffffff',NULL),(20611,'aaaaaaaaaaaa','bbbbbbbbbb','dddddddddddddd','fffffffffff',NULL),(20612,'aaaaaaaaaaaa','bbbbbbbbbb','dddddddddddddd','fffffffffff',NULL),(20613,'aaaaaaaaaaaa','bbbbbbbbbb','dddddddddddddd','fffffffffff',NULL),(20614,'aaaaaaaaaaaa','bbbbbbbbbb','dddddddddddddd','fffffffffff',NULL),(20616,'aaaaaaaaaaaa','bbbbbbbbbb','dddddddddddddd','fffffffffff',NULL),(20617,'aaaaaaaaaaaa','bbbbbbbbbb','dddddddddddddd','fffffffffff',NULL),(20618,'aaaaaaaaaaaa','bbbbbbbbbb','dddddddddddddd','fffffffffff',NULL),(20701,'aaaaaaaaaaaa','bbbbbbbbbb','dddddddddddddd','fffffffffff',NULL),(20702,'aaaaaaaaaaaa','bbbbbbbbbb','dddddddddddddd','fffffffffff',NULL),(20703,'aaaaaaaaaaaa','bbbbbbbbbb','dddddddddddddd','fffffffffff',NULL),(20704,'aaaaaaaaaaaa','bbbbbbbbbb','dddddddddddddd','fffffffffff',NULL),(40101,'aaaaaaaaaaaa','bbbbbbbbbb','dddddddddddddd','fffffffffff',NULL),(40102,'aaaaaaaaaaaa','bbbbbbbbbb','dddddddddddddd','fffffffffff',NULL),(40103,'aaaaaaaaaaaa','bbbbbbbbbb','dddddddddddddd','fffffffffff',NULL),(40104,'aaaaaaaaaaaa','bbbbbbbbbb','dddddddddddddd','fffffffffff',NULL),(40105,'aaaaaaaaaaaa','bbbbbbbbbb','dddddddddddddd','fffffffffff',NULL),(40106,'aaaaaaaaaaaa','bbbbbbbbbb','dddddddddddddd','fffffffffff',NULL),(40107,'aaaaaaaaaaaa','bbbbbbbbbb','dddddddddddddd','fffffffffff',NULL),(40108,'aaaaaaaaaaaa','bbbbbbbbbb','dddddddddddddd','fffffffffff',NULL),(40109,'aaaaaaaaaaaa','bbbbbbbbbb','dddddddddddddd','fffffffffff',NULL),(40110,'aaaaaaaaaaaa','bbbbbbbbbb','dddddddddddddd','fffffffffff',NULL),(40111,'aaaaaaaaaaaa','bbbbbbbbbb','dddddddddddddd','fffffffffff',NULL),(40112,'aaaaaaaaaaaa','bbbbbbbbbb','dddddddddddddd','fffffffffff',NULL),(40113,'aaaaaaaaaaaa','bbbbbbbbbb','dddddddddddddd','fffffffffff',NULL),(40114,'aaaaaaaaaaaa','bbbbbbbbbb','dddddddddddddd','fffffffffff',NULL),(40203,'aaaaaaaaaaaa','bbbbbbbbbb','dddddddddddddd','fffffffffff',NULL),(40204,'aaaaaaaaaaaa','bbbbbbbbbb','dddddddddddddd','fffffffffff',NULL),(40205,'aaaaaaaaaaaa','bbbbbbbbbb','dddddddddddddd','fffffffffff',NULL),(40206,'aaaaaaaaaaaa','bbbbbbbbbb','dddddddddddddd','fffffffffff',NULL),(40207,'aaaaaaaaaaaa','bbbbbbbbbb','dddddddddddddd','fffffffffff',NULL),(40208,'aaaaaaaaaaaa','bbbbbbbbbb','dddddddddddddd','fffffffffff',NULL),(40209,'aaaaaaaaaaaa','bbbbbbbbbb','dddddddddddddd','fffffffffff',NULL),(40210,'aaaaaaaaaaaa','bbbbbbbbbb','dddddddddddddd','fffffffffff',NULL),(40301,'aaaaaaaaaaaa','bbbbbbbbbb','dddddddddddddd','fffffffffff',NULL),(40302,'aaaaaaaaaaaa','bbbbbbbbbb','dddddddddddddd','fffffffffff',NULL),(40303,'aaaaaaaaaaaa','bbbbbbbbbb','dddddddddddddd','fffffffffff',NULL),(40304,'aaaaaaaaaaaa','bbbbbbbbbb','dddddddddddddd','fffffffffff',NULL),(40305,'aaaaaaaaaaaa','bbbbbbbbbb','dddddddddddddd','fffffffffff',NULL),(40306,'aaaaaaaaaaaa','bbbbbbbbbb','dddddddddddddd','fffffffffff',NULL),(40307,'aaaaaaaaaaaa','bbbbbbbbbb','dddddddddddddd','fffffffffff',NULL),(40308,'aaaaaaaaaaaa','bbbbbbbbbb','dddddddddddddd','fffffffffff',NULL),(40309,'aaaaaaaaaaaa','bbbbbbbbbb','dddddddddddddd','fffffffffff',NULL),(40310,'aaaaaaaaaaaa','bbbbbbbbbb','dddddddddddddd','fffffffffff',NULL),(40311,'aaaaaaaaaaaa','bbbbbbbbbb','dddddddddddddd','fffffffffff',NULL),(40312,'aaaaaaaaaaaa','bbbbbbbbbb','dddddddddddddd','fffffffffff',NULL),(40313,'aaaaaaaaaaaa','bbbbbbbbbb','dddddddddddddd','fffffffffff',NULL),(40314,'aaaaaaaaaaaa','bbbbbbbbbb','dddddddddddddd','fffffffffff',NULL),(40317,'aaaaaaaaaaaa','bbbbbbbbbb','dddddddddddddd','fffffffffff',NULL),(40318,'aaaaaaaaaaaa','bbbbbbbbbb','dddddddddddddd','fffffffffff',NULL),(40319,'aaaaaaaaaaaa','bbbbbbbbbb','dddddddddddddd','fffffffffff',NULL),(40321,'aaaaaaaaaaaa','bbbbbbbbbb','dddddddddddddd','fffffffffff',NULL),(40322,'aaaaaaaaaaaa','bbbbbbbbbb','dddddddddddddd','fffffffffff',NULL),(40401,'aaaaaaaaaaaa','bbbbbbbbbb','dddddddddddddd','fffffffffff',NULL),(40402,'aaaaaaaaaaaa','bbbbbbbbbb','dddddddddddddd','fffffffffff',NULL),(40403,'aaaaaaaaaaaa','bbbbbbbbbb','dddddddddddddd','fffffffffff',NULL),(40404,'aaaaaaaaaaaa','bbbbbbbbbb','dddddddddddddd','fffffffffff',NULL),(40405,'aaaaaaaaaaaa','bbbbbbbbbb','dddddddddddddd','fffffffffff',NULL),(40406,'aaaaaaaaaaaa','bbbbbbbbbb','dddddddddddddd','fffffffffff',NULL),(90101,'aaaaaaaaaaaa','bbbbbbbbbb','dddddddddddddd','fffffffffff',NULL),(90102,'aaaaaaaaaaaa','bbbbbbbbbb','dddddddddddddd','fffffffffff',NULL),(90103,'aaaaaaaaaaaa','bbbbbbbbbb','dddddddddddddd','fffffffffff',NULL),(90104,'aaaaaaaaaaaa','bbbbbbbbbb','dddddddddddddd','fffffffffff',NULL),(90105,'aaaaaaaaaaaa','bbbbbbbbbb','dddddddddddddd','fffffffffff',NULL),(90106,'aaaaaaaaaaaa','bbbbbbbbbb','dddddddddddddd','fffffffffff',NULL),(90107,'aaaaaaaaaaaa','bbbbbbbbbb','dddddddddddddd','fffffffffff',NULL),(90108,'aaaaaaaaaaaa','bbbbbbbbbb','dddddddddddddd','fffffffffff',NULL),(90109,'aaaaaaaaaaaa','bbbbbbbbbb','dddddddddddddd','fffffffffff',NULL),(90110,'aaaaaaaaaaaa','bbbbbbbbbb','dddddddddddddd','fffffffffff',NULL),(90111,'aaaaaaaaaaaa','bbbbbbbbbb','dddddddddddddd','fffffffffff',NULL),(90112,'aaaaaaaaaaaa','bbbbbbbbbb','dddddddddddddd','fffffffffff',NULL),(90113,'aaaaaaaaaaaa','bbbbbbbbbb','dddddddddddddd','fffffffffff',NULL),(90114,'aaaaaaaaaaaa','bbbbbbbbbb','dddddddddddddd','fffffffffff',NULL),(90115,'aaaaaaaaaaaa','bbbbbbbbbb','dddddddddddddd','fffffffffff',NULL),(90116,'aaaaaaaaaaaa','bbbbbbbbbb','dddddddddddddd','fffffffffff',NULL),(100101,'aaaaaaaaaaaa','bbbbbbbbbb','dddddddddddddd','fffffffffff',NULL),(100114,'aaaaaaaaaaaa','bbbbbbbbbb','dddddddddddddd','fffffffffff',NULL),(100115,'aaaaaaaaaaaa','bbbbbbbbbb','dddddddddddddd','fffffffffff',NULL),(100116,'aaaaaaaaaaaa','bbbbbbbbbb','dddddddddddddd','fffffffffff',NULL),(100117,'aaaaaaaaaaaa','bbbbbbbbbb','dddddddddddddd','fffffffffff',NULL),(100118,'aaaaaaaaaaaa','bbbbbbbbbb','dddddddddddddd','fffffffffff',NULL),(100131,'aaaaaaaaaaaa','bbbbbbbbbb','dddddddddddddd','fffffffffff','localhost:8080/xProgram/mobile/100131.html'),(100142,'aaaaaaaaaaaa','bbbbbbbbbb','dddddddddddddd','fffffffffff','52393.viphk.ngrok.org/xProgram/mobile/100142.html'),(100143,'aaaaaaaaaaaa','bbbbbbbbbb','dddddddddddddd','fffffffffff','52393.viphk.ngrok.org/xProgram/mobile/100143.html'),(100144,'aaaaaaaaaaaa','bbbbbbbbbb','dddddddddddddd','fffffffffff','52393.viphk.ngrok.org/xProgram/mobile/100144.html'),(100153,'aaaaaaaaaaaa','bbbbbbbbbb','dddddddddddddd','fffffffffff','52393.viphk.ngrok.org/xProgram/mobile/100153.html'),(100159,'aaaaaaaaaaaa','bbbbbbbbbb','xxxxxxxxxxxxxxxxxxxx','ttttttttttttttt','52393.viphk.ngrok.org/xProgram/mobile/100159.html'),(100174,'工工工工工','333333333','-','-','52393.viphk.ngrok.org/xProgram/mobile/100174.html'),(100175,NULL,NULL,NULL,NULL,'localhost:8080/xProgram/mobile/100175.html'),(100177,NULL,NULL,NULL,NULL,'localhost:8080/xProgram/mobile/100177.html'),(100178,NULL,NULL,NULL,NULL,'localhost:8080/xProgram/mobile/100178.html'),(100179,NULL,NULL,NULL,NULL,'localhost:8080/xProgram/mobile/100179.html'),(100181,'-','-','-','-','52393.viphk.ngrok.org/xProgram/mobile/100181.html'),(100183,'2222222','','','','52393.viphk.ngrok.org/xProgram/mobile/100183.html'),(100184,NULL,NULL,NULL,NULL,'a03qtwxifp.proxy.qqbrowser.cc:8000/xProgram/mobile/100184.html'),(100189,'','','','','52393.viphk.ngrok.org/xProgram/mobile/100189.html'),(100192,'','','','','52393.viphk.ngrok.org/xProgram/mobile/100192.html'),(100200,'lkjlkj　在在在厅　在','大在在在在','在在大　大','大要枯要林要　','52393.viphk.ngrok.org/xProgram/mobile/100200.html'),(100201,'','','','','52393.viphk.ngrok.org/xProgram/mobile/100201.html'),(100202,NULL,NULL,NULL,NULL,'52393.viphk.ngrok.org/xProgram/mobile/100202.html'),(100203,'','','','','52393.viphk.ngrok.org/xProgram/mobile/100203.html'),(100205,NULL,NULL,NULL,NULL,NULL);
/*!40000 ALTER TABLE `food_detail` ENABLE KEYS */;
UNLOCK TABLES;

--
-- Table structure for table `orders`
--

DROP TABLE IF EXISTS `orders`;
/*!40101 SET @saved_cs_client     = @@character_set_client */;
/*!40101 SET character_set_client = utf8 */;
CREATE TABLE `orders` (
  `id` int(20) NOT NULL AUTO_INCREMENT,
  `open_id` varchar(255) NOT NULL,
  `campus_id` int(11) NOT NULL,
  `food_id` bigint(20) NOT NULL,
  `amount` int(10) NOT NULL DEFAULT '1',
  `create_time` datetime NOT NULL,
  `consume_time` datetime DEFAULT NULL,
  `pay_state` smallint(1) NOT NULL DEFAULT '0' COMMENT '是否付款',
  `consume` float(6,2) NOT NULL DEFAULT '0.00' COMMENT '消费金额',
  `used` smallint(1) NOT NULL DEFAULT '0',
  `use_type` smallint(1) DEFAULT '1' COMMENT '此订单商品是否过期　0表示过期',
  `settle` smallint(1) DEFAULT '0' COMMENT '此字段用于结算',
  `settle_status` smallint(1) DEFAULT '0',
  PRIMARY KEY (`id`)
) ENGINE=InnoDB AUTO_INCREMENT=90 DEFAULT CHARSET=utf8;
/*!40101 SET character_set_client = @saved_cs_client */;

--
-- Dumping data for table `orders`
--

LOCK TABLES `orders` WRITE;
/*!40000 ALTER TABLE `orders` DISABLE KEYS */;
INSERT INTO `orders` VALUES (10,'odos2syWNnnLc6q4TYFZi9aEHDDg',1,100183,1,'2016-10-17 20:57:11',NULL,0,0.00,0,0,0,0),(11,'odos2syWNnnLc6q4TYFZi9aEHDDg',1,100183,1,'2016-10-17 21:05:48',NULL,0,0.00,0,1,0,0),(13,'odos2syWNnnLc6q4TYFZi9aEHDDg',1,100183,1,'2016-10-17 22:03:01',NULL,0,0.00,0,1,0,0),(15,'odos2syWNnnLc6q4TYFZi9aEHDDg',1,100183,1,'2016-10-17 22:04:00',NULL,0,0.00,0,1,0,0),(22,'oJ-HUw9CQBv2lhYVVEXaWnfKqq9I',2,100184,1,'2016-10-20 16:57:55',NULL,0,0.00,0,1,0,0),(27,'odos2syWNnnLc6q4TYFZi9aEHDDg',1,100181,1,'2016-10-31 20:55:46',NULL,0,0.00,0,1,0,0),(28,'odos2syWNnnLc6q4TYFZi9aEHDDg',1,100181,1,'2016-10-31 20:56:08',NULL,0,0.00,0,1,0,0),(29,'odos2syWNnnLc6q4TYFZi9aEHDDg',1,100181,1,'2016-10-31 20:56:13',NULL,0,0.00,0,1,0,0),(30,'odos2syWNnnLc6q4TYFZi9aEHDDg',1,100181,1,'2016-10-31 20:56:15',NULL,0,0.00,0,1,0,0),(31,'odos2syWNnnLc6q4TYFZi9aEHDDg',1,100181,1,'2016-10-31 20:56:17',NULL,0,0.00,0,1,0,0),(32,'odos2syWNnnLc6q4TYFZi9aEHDDg',1,100181,1,'2016-10-31 20:56:18',NULL,0,0.00,0,1,0,0),(33,'odos2syWNnnLc6q4TYFZi9aEHDDg',1,100181,1,'2016-10-31 20:56:20',NULL,0,0.00,0,1,0,0),(34,'odos2syWNnnLc6q4TYFZi9aEHDDg',1,100181,1,'2016-10-31 20:56:21',NULL,0,0.00,0,1,0,0),(35,'odos2syWNnnLc6q4TYFZi9aEHDDg',1,100181,1,'2016-10-31 20:56:22',NULL,0,0.00,0,1,0,0),(36,'odos2syWNnnLc6q4TYFZi9aEHDDg',1,100181,1,'2016-10-31 20:56:24',NULL,0,0.00,0,1,0,0),(37,'odos2syWNnnLc6q4TYFZi9aEHDDg',1,100181,1,'2016-10-31 20:56:25',NULL,0,0.00,0,1,0,0),(38,'odos2syWNnnLc6q4TYFZi9aEHDDg',1,100181,1,'2016-10-31 20:56:26',NULL,0,0.00,0,1,0,0),(39,'odos2syWNnnLc6q4TYFZi9aEHDDg',1,100181,1,'2016-10-31 20:56:28',NULL,0,0.00,0,1,0,0),(40,'odos2syWNnnLc6q4TYFZi9aEHDDg',1,100181,1,'2016-10-31 20:56:28',NULL,0,0.00,0,1,0,0),(41,'odos2syWNnnLc6q4TYFZi9aEHDDg',1,100181,1,'2016-10-31 20:56:29',NULL,0,0.00,0,1,0,0),(42,'odos2syWNnnLc6q4TYFZi9aEHDDg',1,100181,1,'2016-10-31 20:56:29',NULL,0,0.00,0,1,0,0),(43,'odos2syWNnnLc6q4TYFZi9aEHDDg',1,100181,1,'2016-10-31 21:00:23',NULL,0,0.00,0,1,0,0),(69,'odos2s4KuZrdlm9-B3ryBhzO3iWg',1,100201,1,'2016-11-06 20:34:47',NULL,0,0.00,0,1,0,0),(88,'ojh4J0WN9C5NBLwvkXiQS7-TGcJ0',1,100200,1,'2017-03-12 17:48:25',NULL,0,0.00,0,1,0,0),(89,'ojh4J0WN9C5NBLwvkXiQS7-TGcJ0',1,100200,1,'2017-03-18 11:09:05',NULL,0,0.00,0,1,0,0);
/*!40000 ALTER TABLE `orders` ENABLE KEYS */;
UNLOCK TABLES;

--
-- Table structure for table `page_groom`
--

DROP TABLE IF EXISTS `page_groom`;
/*!40101 SET @saved_cs_client     = @@character_set_client */;
/*!40101 SET character_set_client = utf8 */;
CREATE TABLE `page_groom` (
  `id` int(2) DEFAULT NULL,
  `food_id` int(20) DEFAULT NULL
) ENGINE=InnoDB DEFAULT CHARSET=latin1;
/*!40101 SET character_set_client = @saved_cs_client */;

--
-- Dumping data for table `page_groom`
--

LOCK TABLES `page_groom` WRITE;
/*!40000 ALTER TABLE `page_groom` DISABLE KEYS */;
INSERT INTO `page_groom` VALUES (0,100203),(1,20616),(2,90102),(3,100144),(4,NULL),(5,NULL),(6,NULL),(7,NULL),(8,NULL),(9,NULL);
/*!40000 ALTER TABLE `page_groom` ENABLE KEYS */;
UNLOCK TABLES;

--
-- Table structure for table `page_slide`
--

DROP TABLE IF EXISTS `page_slide`;
/*!40101 SET @saved_cs_client     = @@character_set_client */;
/*!40101 SET character_set_client = utf8 */;
CREATE TABLE `page_slide` (
  `id` int(2) DEFAULT NULL,
  `food_id` int(20) DEFAULT NULL
) ENGINE=InnoDB DEFAULT CHARSET=latin1;
/*!40101 SET character_set_client = @saved_cs_client */;

--
-- Dumping data for table `page_slide`
--

LOCK TABLES `page_slide` WRITE;
/*!40000 ALTER TABLE `page_slide` DISABLE KEYS */;
INSERT INTO `page_slide` VALUES (0,100189),(1,100203),(2,100203),(3,100200),(4,100203);
/*!40000 ALTER TABLE `page_slide` ENABLE KEYS */;
UNLOCK TABLES;

--
-- Table structure for table `page_special`
--

DROP TABLE IF EXISTS `page_special`;
/*!40101 SET @saved_cs_client     = @@character_set_client */;
/*!40101 SET character_set_client = utf8 */;
CREATE TABLE `page_special` (
  `id` int(2) DEFAULT NULL,
  `food_id` int(20) DEFAULT NULL
) ENGINE=InnoDB DEFAULT CHARSET=latin1;
/*!40101 SET character_set_client = @saved_cs_client */;

--
-- Dumping data for table `page_special`
--

LOCK TABLES `page_special` WRITE;
/*!40000 ALTER TABLE `page_special` DISABLE KEYS */;
INSERT INTO `page_special` VALUES (0,100181),(1,100203),(2,NULL);
/*!40000 ALTER TABLE `page_special` ENABLE KEYS */;
UNLOCK TABLES;

--
-- Table structure for table `test`
--

DROP TABLE IF EXISTS `test`;
/*!40101 SET @saved_cs_client     = @@character_set_client */;
/*!40101 SET character_set_client = utf8 */;
CREATE TABLE `test` (
  `id` int(11) DEFAULT NULL,
  `val` varchar(20) DEFAULT NULL
) ENGINE=InnoDB DEFAULT CHARSET=utf8;
/*!40101 SET character_set_client = @saved_cs_client */;

--
-- Dumping data for table `test`
--

LOCK TABLES `test` WRITE;
/*!40000 ALTER TABLE `test` DISABLE KEYS */;
INSERT INTO `test` VALUES (1,'dddddd'),(1,'dddddd'),(1,'dddddd'),(1,'dddddd'),(1,'dddddd'),(1,'dddddd'),(1,'dddddd'),(1,'dddddd'),(1,'dddddd'),(1,'dddddd'),(1,'dddddd'),(1,'dddddd'),(1,'dddddd'),(1,'dddddd'),(1,'dddddd'),(1,'dddddd'),(1,'dddddd'),(1,'dddddd'),(1,'dddddd'),(1,'dddddd'),(1,'dddddd'),(1,'dddddd'),(1,'dddddd'),(1,'dddddd'),(1,'dddddd'),(1,'dddddd'),(1,'dddddd'),(1,'dddddd'),(1,'dddddd'),(1,'dddddd'),(1,'dddddd'),(1,'dddddd'),(1,'dddddd'),(1,'dddddd'),(1,'dddddd'),(1,'dddddd'),(1,'dddddd'),(1,'dddddd'),(1,'dddddd'),(1,'dddddd'),(1,'dddddd'),(1,'dddddd'),(1,'dddddd'),(1,'dddddd'),(1,'dddddd'),(1,'dddddd'),(1,'dddddd'),(1,'dddddd'),(1,'dddddd'),(1,'dddddd'),(1,'dddddd'),(1,'dddddd'),(1,'dddddd'),(1,'dddddd'),(1,'dddddd'),(1,'dddddd'),(1,'dddddd'),(1,'dddddd'),(1,'dddddd'),(1,'dddddd'),(1,'dddddd'),(1,'dddddd'),(1,'dddddd'),(1,'dddddd'),(1,'dddddd'),(1,'dddddd'),(1,'dddddd'),(1,'dddddd'),(1,'dddddd'),(1,'dddddd'),(1,'dddddd'),(1,'dddddd'),(1,'dddddd'),(1,'dddddd'),(1,'dddddd'),(1,'dddddd'),(1,'dddddd'),(1,'dddddd'),(1,'dddddd'),(1,'dddddd'),(1,'dddddd'),(1,'dddddd'),(1,'dddddd'),(1,'dddddd'),(1,'dddddd'),(1,'dddddd'),(1,'dddddd'),(1,'dddddd'),(1,'dddddd'),(1,'dddddd'),(1,'dddddd'),(1,'dddddd'),(1,'dddddd'),(1,'dddddd'),(1,'dddddd'),(1,'dddddd'),(1,'dddddd'),(1,'dddddd'),(1,'dddddd'),(1,'dddddd'),(1,'dddddd'),(1,'dddddd'),(1,'dddddd'),(1,'dddddd'),(1,'dddddd'),(1,'dddddd'),(1,'dddddd'),(1,'dddddd'),(1,'dddddd'),(1,'dddddd'),(1,'dddddd'),(1,'dddddd'),(1,'dddddd'),(1,'dddddd'),(1,'dddddd'),(1,'dddddd'),(1,'dddddd'),(1,'dddddd'),(1,'dddddd'),(1,'dddddd'),(1,'dddddd'),(1,'dddddd'),(1,'dddddd'),(1,'dddddd'),(1,'dddddd'),(1,'dddddd'),(1,'dddddd'),(1,'dddddd'),(1,'dddddd'),(1,'dddddd'),(1,'dddddd'),(1,'dddddd'),(1,'dddddd'),(1,'dddddd'),(1,'dddddd'),(1,'dddddd'),(1,'dddddd'),(1,'dddddd'),(1,'dddddd'),(1,'dddddd'),(1,'dddddd'),(1,'dddddd'),(1,'dddddd'),(1,'dddddd'),(1,'dddddd'),(1,'dddddd'),(1,'dddddd'),(1,'dddddd'),(1,'dddddd'),(1,'dddddd'),(1,'dddddd'),(1,'dddddd'),(1,'dddddd'),(1,'dddddd'),(1,'dddddd'),(1,'dddddd'),(1,'dddddd'),(1,'dddddd'),(1,'dddddd'),(1,'dddddd'),(1,'dddddd'),(1,'dddddd'),(1,'dddddd'),(1,'dddddd'),(1,'dddddd'),(1,'dddddd'),(1,'dddddd'),(1,'dddddd'),(1,'dddddd'),(1,'dddddd'),(1,'dddddd'),(1,'dddddd'),(1,'dddddd'),(1,'dddddd'),(1,'dddddd'),(1,'dddddd'),(1,'dddddd'),(1,'dddddd'),(1,'dddddd'),(1,'dddddd'),(1,'dddddd'),(1,'dddddd'),(1,'dddddd'),(1,'dddddd'),(1,'dddddd'),(1,'dddddd'),(1,'dddddd'),(1,'dddddd'),(1,'dddddd'),(1,'dddddd'),(1,'dddddd'),(1,'dddddd'),(1,'dddddd'),(1,'dddddd'),(1,'dddddd'),(1,'dddddd'),(1,'dddddd'),(1,'dddddd'),(1,'dddddd'),(1,'dddddd'),(1,'dddddd'),(1,'dddddd'),(1,'dddddd'),(1,'dddddd'),(1,'dddddd'),(1,'dddddd'),(1,'dddddd'),(1,'dddddd'),(1,'dddddd'),(1,'dddddd'),(1,'dddddd'),(1,'dddddd'),(1,'dddddd'),(1,'dddddd'),(1,'dddddd'),(1,'dddddd'),(1,'dddddd'),(1,'dddddd'),(1,'dddddd'),(1,'dddddd'),(1,'dddddd'),(1,'dddddd'),(1,'dddddd'),(1,'dddddd'),(1,'dddddd'),(1,'dddddd'),(1,'dddddd'),(1,'dddddd'),(1,'dddddd'),(1,'dddddd'),(1,'dddddd'),(1,'dddddd'),(1,'dddddd'),(1,'dddddd'),(1,'dddddd'),(1,'dddddd'),(1,'dddddd'),(1,'dddddd'),(1,'dddddd'),(1,'dddddd'),(1,'dddddd'),(1,'dddddd'),(1,'dddddd'),(1,'dddddd'),(1,'dddddd'),(1,'dddddd'),(1,'dddddd'),(1,'dddddd'),(1,'dddddd'),(1,'dddddd'),(1,'dddddd'),(1,'dddddd'),(1,'dddddd'),(1,'dddddd'),(1,'dddddd'),(1,'dddddd'),(1,'dddddd'),(1,'dddddd'),(1,'dddddd'),(1,'dddddd'),(1,'dddddd'),(1,'dddddd'),(1,'dddddd'),(1,'dddddd'),(1,'dddddd'),(1,'dddddd'),(1,'dddddd'),(1,'dddddd'),(1,'dddddd'),(1,'dddddd'),(1,'dddddd'),(1,'dddddd'),(1,'dddddd'),(1,'dddddd'),(1,'dddddd'),(1,'dddddd'),(1,'dddddd'),(1,'dddddd'),(1,'dddddd'),(1,'dddddd'),(1,'dddddd'),(1,'dddddd'),(1,'dddddd'),(1,'dddddd'),(1,'dddddd'),(1,'dddddd'),(1,'dddddd'),(1,'dddddd'),(1,'dddddd'),(1,'dddddd'),(1,'dddddd'),(1,'dddddd'),(1,'dddddd'),(1,'dddddd'),(1,'dddddd'),(1,'dddddd'),(1,'dddddd'),(1,'dddddd'),(1,'dddddd'),(1,'dddddd'),(1,'dddddd'),(1,'dddddd'),(1,'dddddd'),(1,'dddddd'),(1,'dddddd'),(1,'dddddd'),(1,'dddddd'),(1,'dddddd'),(1,'dddddd'),(1,'dddddd'),(1,'dddddd'),(1,'dddddd'),(1,'dddddd'),(1,'dddddd'),(1,'dddddd'),(1,'dddddd'),(1,'dddddd'),(1,'dddddd'),(1,'dddddd'),(1,'dddddd'),(1,'dddddd'),(1,'dddddd'),(1,'dddddd'),(1,'dddddd'),(1,'dddddd'),(1,'dddddd'),(1,'dddddd'),(1,'dddddd'),(1,'dddddd'),(1,'dddddd'),(1,'dddddd'),(1,'dddddd'),(1,'dddddd'),(1,'dddddd'),(1,'dddddd'),(1,'dddddd'),(1,'dddddd'),(1,'dddddd'),(1,'dddddd'),(1,'dddddd'),(1,'dddddd'),(1,'dddddd'),(1,'dddddd'),(1,'dddddd'),(1,'dddddd'),(1,'dddddd'),(1,'dddddd'),(1,'dddddd'),(1,'dddddd'),(1,'dddddd'),(1,'dddddd'),(1,'dddddd'),(1,'dddddd'),(1,'dddddd'),(1,'dddddd'),(1,'dddddd'),(1,'dddddd'),(1,'dddddd'),(1,'dddddd'),(1,'dddddd'),(1,'dddddd'),(1,'dddddd'),(1,'dddddd'),(1,'dddddd'),(1,'dddddd'),(1,'dddddd'),(1,'dddddd'),(1,'dddddd'),(1,'dddddd'),(1,'dddddd'),(1,'dddddd'),(1,'dddddd'),(1,'dddddd'),(1,'dddddd'),(1,'dddddd'),(1,'dddddd'),(1,'dddddd'),(1,'dddddd'),(1,'dddddd'),(1,'dddddd'),(1,'dddddd'),(1,'dddddd'),(1,'dddddd'),(1,'dddddd'),(1,'dddddd');
/*!40000 ALTER TABLE `test` ENABLE KEYS */;
UNLOCK TABLES;

--
-- Table structure for table `test2`
--

DROP TABLE IF EXISTS `test2`;
/*!40101 SET @saved_cs_client     = @@character_set_client */;
/*!40101 SET character_set_client = utf8 */;
CREATE TABLE `test2` (
  `id` int(11) DEFAULT NULL,
  `val` varchar(20) DEFAULT NULL
) ENGINE=InnoDB DEFAULT CHARSET=utf8;
/*!40101 SET character_set_client = @saved_cs_client */;

--
-- Dumping data for table `test2`
--

LOCK TABLES `test2` WRITE;
/*!40000 ALTER TABLE `test2` DISABLE KEYS */;
INSERT INTO `test2` VALUES (2,'fffffffff'),(2,'fffffffff'),(2,'fffffffff'),(2,'fffffffff'),(2,'fffffffff'),(2,'fffffffff'),(2,'fffffffff'),(2,'fffffffff'),(2,'fffffffff'),(2,'fffffffff'),(2,'fffffffff'),(2,'fffffffff'),(2,'fffffffff'),(2,'fffffffff'),(2,'fffffffff'),(2,'fffffffff'),(2,'fffffffff'),(2,'fffffffff'),(2,'fffffffff'),(2,'fffffffff'),(2,'fffffffff'),(2,'fffffffff'),(2,'fffffffff'),(2,'fffffffff'),(2,'fffffffff'),(2,'fffffffff'),(2,'fffffffff'),(2,'fffffffff'),(2,'fffffffff'),(2,'fffffffff'),(2,'fffffffff'),(2,'fffffffff'),(2,'fffffffff'),(2,'fffffffff'),(2,'fffffffff'),(2,'fffffffff'),(2,'fffffffff'),(2,'fffffffff'),(2,'fffffffff'),(2,'fffffffff'),(2,'fffffffff'),(2,'fffffffff'),(2,'fffffffff'),(2,'fffffffff'),(2,'fffffffff'),(2,'fffffffff'),(2,'fffffffff'),(2,'fffffffff'),(2,'fffffffff'),(2,'fffffffff'),(2,'fffffffff'),(2,'fffffffff'),(2,'fffffffff'),(2,'fffffffff'),(2,'fffffffff'),(2,'fffffffff'),(2,'fffffffff'),(2,'fffffffff'),(2,'fffffffff'),(2,'fffffffff'),(2,'fffffffff'),(2,'fffffffff'),(2,'fffffffff'),(2,'fffffffff'),(2,'fffffffff'),(2,'fffffffff'),(2,'fffffffff'),(2,'fffffffff'),(2,'fffffffff'),(2,'fffffffff'),(2,'fffffffff'),(2,'fffffffff'),(2,'fffffffff'),(2,'fffffffff'),(2,'fffffffff'),(2,'fffffffff'),(2,'fffffffff'),(2,'fffffffff'),(2,'fffffffff'),(2,'fffffffff'),(2,'fffffffff'),(2,'fffffffff'),(2,'fffffffff'),(2,'fffffffff'),(2,'fffffffff'),(2,'fffffffff'),(2,'fffffffff'),(2,'fffffffff'),(2,'fffffffff'),(2,'fffffffff'),(2,'fffffffff'),(2,'fffffffff'),(2,'fffffffff'),(2,'fffffffff'),(2,'fffffffff'),(2,'fffffffff'),(2,'fffffffff'),(2,'fffffffff'),(2,'fffffffff'),(2,'fffffffff'),(2,'fffffffff'),(2,'fffffffff'),(2,'fffffffff'),(2,'fffffffff'),(2,'fffffffff'),(2,'fffffffff'),(2,'fffffffff'),(2,'fffffffff'),(2,'fffffffff'),(2,'fffffffff'),(2,'fffffffff'),(2,'fffffffff'),(2,'fffffffff'),(2,'fffffffff'),(2,'fffffffff'),(2,'fffffffff'),(2,'fffffffff'),(2,'fffffffff'),(2,'fffffffff'),(2,'fffffffff'),(2,'fffffffff'),(2,'fffffffff'),(2,'fffffffff'),(2,'fffffffff'),(2,'fffffffff'),(2,'fffffffff'),(2,'fffffffff'),(2,'fffffffff'),(2,'fffffffff'),(2,'fffffffff'),(2,'fffffffff'),(2,'fffffffff'),(2,'fffffffff'),(2,'fffffffff'),(2,'fffffffff'),(2,'fffffffff'),(2,'fffffffff'),(2,'fffffffff'),(2,'fffffffff'),(2,'fffffffff'),(2,'fffffffff'),(2,'fffffffff'),(2,'fffffffff'),(2,'fffffffff'),(2,'fffffffff'),(2,'fffffffff'),(2,'fffffffff'),(2,'fffffffff'),(2,'fffffffff'),(2,'fffffffff'),(2,'fffffffff'),(2,'fffffffff'),(2,'fffffffff'),(2,'fffffffff'),(2,'fffffffff'),(2,'fffffffff'),(2,'fffffffff'),(2,'fffffffff'),(2,'fffffffff'),(2,'fffffffff'),(2,'fffffffff'),(2,'fffffffff'),(2,'fffffffff'),(2,'fffffffff'),(2,'fffffffff'),(2,'fffffffff'),(2,'fffffffff'),(2,'fffffffff'),(2,'fffffffff'),(2,'fffffffff'),(2,'fffffffff'),(2,'fffffffff'),(2,'fffffffff'),(2,'fffffffff'),(2,'fffffffff'),(2,'fffffffff'),(2,'fffffffff'),(2,'fffffffff'),(2,'fffffffff'),(2,'fffffffff'),(2,'fffffffff'),(2,'fffffffff'),(2,'fffffffff'),(2,'fffffffff'),(2,'fffffffff'),(2,'fffffffff'),(2,'fffffffff'),(2,'fffffffff'),(2,'fffffffff'),(2,'fffffffff'),(2,'fffffffff'),(2,'fffffffff'),(2,'fffffffff'),(2,'fffffffff'),(2,'fffffffff'),(2,'fffffffff'),(2,'fffffffff'),(2,'fffffffff'),(2,'fffffffff'),(2,'fffffffff'),(2,'fffffffff'),(2,'fffffffff'),(2,'fffffffff'),(2,'fffffffff'),(2,'fffffffff'),(2,'fffffffff'),(2,'fffffffff'),(2,'fffffffff'),(2,'fffffffff'),(2,'fffffffff'),(2,'fffffffff'),(2,'fffffffff'),(2,'fffffffff'),(2,'fffffffff'),(2,'fffffffff'),(2,'fffffffff'),(2,'fffffffff'),(2,'fffffffff'),(2,'fffffffff'),(2,'fffffffff'),(2,'fffffffff'),(2,'fffffffff'),(2,'fffffffff'),(2,'fffffffff'),(2,'fffffffff'),(2,'fffffffff'),(2,'fffffffff'),(2,'fffffffff'),(2,'fffffffff'),(2,'fffffffff'),(2,'fffffffff'),(2,'fffffffff'),(2,'fffffffff'),(2,'fffffffff'),(2,'fffffffff'),(2,'fffffffff'),(2,'fffffffff'),(2,'fffffffff'),(2,'fffffffff'),(2,'fffffffff'),(2,'fffffffff'),(2,'fffffffff'),(2,'fffffffff'),(2,'fffffffff'),(2,'fffffffff'),(2,'fffffffff'),(2,'fffffffff'),(2,'fffffffff'),(2,'fffffffff'),(2,'fffffffff'),(2,'fffffffff'),(2,'fffffffff'),(2,'fffffffff'),(2,'fffffffff'),(2,'fffffffff'),(2,'fffffffff'),(2,'fffffffff'),(2,'fffffffff'),(2,'fffffffff'),(2,'fffffffff'),(2,'fffffffff'),(2,'fffffffff'),(2,'fffffffff'),(2,'fffffffff'),(2,'fffffffff'),(2,'fffffffff'),(2,'fffffffff'),(2,'fffffffff'),(2,'fffffffff'),(2,'fffffffff'),(2,'fffffffff'),(2,'fffffffff'),(2,'fffffffff'),(2,'fffffffff'),(2,'fffffffff'),(2,'fffffffff'),(2,'fffffffff'),(2,'fffffffff'),(2,'fffffffff'),(2,'fffffffff'),(2,'fffffffff'),(2,'fffffffff'),(2,'fffffffff'),(2,'fffffffff'),(2,'fffffffff'),(2,'fffffffff'),(2,'fffffffff'),(2,'fffffffff'),(2,'fffffffff'),(2,'fffffffff'),(2,'fffffffff'),(2,'fffffffff'),(2,'fffffffff'),(2,'fffffffff'),(2,'fffffffff'),(2,'fffffffff'),(2,'fffffffff'),(2,'fffffffff'),(2,'fffffffff'),(2,'fffffffff'),(2,'fffffffff'),(2,'fffffffff'),(2,'fffffffff'),(2,'fffffffff'),(2,'fffffffff'),(2,'fffffffff'),(2,'fffffffff'),(2,'fffffffff'),(2,'fffffffff'),(2,'fffffffff'),(2,'fffffffff'),(2,'fffffffff'),(2,'fffffffff'),(2,'fffffffff'),(2,'fffffffff'),(2,'fffffffff'),(2,'fffffffff'),(2,'fffffffff'),(2,'fffffffff'),(2,'fffffffff'),(2,'fffffffff'),(2,'fffffffff'),(2,'fffffffff'),(2,'fffffffff'),(2,'fffffffff'),(2,'fffffffff'),(2,'fffffffff'),(2,'fffffffff'),(2,'fffffffff'),(2,'fffffffff'),(2,'fffffffff'),(2,'fffffffff'),(2,'fffffffff'),(2,'fffffffff'),(2,'fffffffff'),(2,'fffffffff'),(2,'fffffffff'),(2,'fffffffff'),(2,'fffffffff'),(2,'fffffffff'),(2,'fffffffff'),(2,'fffffffff'),(2,'fffffffff'),(2,'fffffffff'),(2,'fffffffff'),(2,'fffffffff'),(2,'fffffffff'),(2,'fffffffff'),(2,'fffffffff'),(2,'fffffffff'),(2,'fffffffff'),(2,'fffffffff'),(2,'fffffffff'),(2,'fffffffff'),(2,'fffffffff'),(2,'fffffffff'),(2,'fffffffff'),(2,'fffffffff'),(2,'fffffffff'),(2,'fffffffff'),(2,'fffffffff'),(2,'fffffffff'),(2,'fffffffff'),(2,'fffffffff'),(2,'fffffffff'),(2,'fffffffff'),(2,'fffffffff'),(2,'fffffffff'),(2,'fffffffff'),(2,'fffffffff'),(2,'fffffffff'),(2,'fffffffff'),(2,'fffffffff'),(2,'fffffffff'),(2,'fffffffff'),(2,'fffffffff'),(2,'fffffffff'),(2,'fffffffff'),(2,'fffffffff'),(2,'fffffffff'),(2,'fffffffff'),(2,'fffffffff'),(2,'fffffffff'),(2,'fffffffff'),(2,'fffffffff');
/*!40000 ALTER TABLE `test2` ENABLE KEYS */;
UNLOCK TABLES;

--
-- Table structure for table `test3`
--

DROP TABLE IF EXISTS `test3`;
/*!40101 SET @saved_cs_client     = @@character_set_client */;
/*!40101 SET character_set_client = utf8 */;
CREATE TABLE `test3` (
  `id` int(2) DEFAULT NULL,
  `amount` int(10) DEFAULT NULL
) ENGINE=InnoDB DEFAULT CHARSET=latin1;
/*!40101 SET character_set_client = @saved_cs_client */;

--
-- Dumping data for table `test3`
--

LOCK TABLES `test3` WRITE;
/*!40000 ALTER TABLE `test3` DISABLE KEYS */;
INSERT INTO `test3` VALUES (1,0);
/*!40000 ALTER TABLE `test3` ENABLE KEYS */;
UNLOCK TABLES;

--
-- Table structure for table `user_group`
--

DROP TABLE IF EXISTS `user_group`;
/*!40101 SET @saved_cs_client     = @@character_set_client */;
/*!40101 SET character_set_client = utf8 */;
CREATE TABLE `user_group` (
  `id` int(20) NOT NULL AUTO_INCREMENT,
  `open_gid` varchar(255) DEFAULT NULL,
  `count` int(10) DEFAULT '0',
  `create_time` datetime DEFAULT NULL,
  PRIMARY KEY (`id`)
) ENGINE=InnoDB AUTO_INCREMENT=4 DEFAULT CHARSET=latin1;
/*!40101 SET character_set_client = @saved_cs_client */;

--
-- Dumping data for table `user_group`
--

LOCK TABLES `user_group` WRITE;
/*!40000 ALTER TABLE `user_group` DISABLE KEYS */;
INSERT INTO `user_group` VALUES (1,'aaa',1,'2017-06-04 11:57:22'),(2,NULL,0,'2017-06-04 11:58:05'),(3,'Gjh4J0Tv-NsDM3waCy4lXzi_M3fc',0,'2017-06-04 12:00:11');
/*!40000 ALTER TABLE `user_group` ENABLE KEYS */;
UNLOCK TABLES;

--
-- Table structure for table `user_group_nexus`
--

DROP TABLE IF EXISTS `user_group_nexus`;
/*!40101 SET @saved_cs_client     = @@character_set_client */;
/*!40101 SET character_set_client = utf8 */;
CREATE TABLE `user_group_nexus` (
  `id` int(20) NOT NULL AUTO_INCREMENT,
  `open_id` varchar(255) DEFAULT NULL,
  `open_gid` varchar(255) DEFAULT NULL,
  `is_share` int(1) DEFAULT NULL,
  `parent_open_gid` varchar(255) DEFAULT NULL,
  `total` int(10) DEFAULT '0',
  `finally_time` datetime DEFAULT NULL,
  PRIMARY KEY (`id`)
) ENGINE=InnoDB AUTO_INCREMENT=4 DEFAULT CHARSET=latin1;
/*!40101 SET character_set_client = @saved_cs_client */;

--
-- Dumping data for table `user_group_nexus`
--

LOCK TABLES `user_group_nexus` WRITE;
/*!40000 ALTER TABLE `user_group_nexus` DISABLE KEYS */;
INSERT INTO `user_group_nexus` VALUES (1,'ojh4J0Ue39cqRGNCkH7WriCbspGE',NULL,0,NULL,0,'2017-06-04 11:57:22'),(2,'ojh4J0WN9C5NBLwvkXiQS7-TGcJ0',NULL,1,NULL,0,'2017-06-04 11:58:05'),(3,'ojh4J0WN9C5NBLwvkXiQS7-TGcJ0','Gjh4J0Tv-NsDM3waCy4lXzi_M3fc',0,NULL,2,'2017-06-04 12:04:23');
/*!40000 ALTER TABLE `user_group_nexus` ENABLE KEYS */;
UNLOCK TABLES;

--
-- Table structure for table `users`
--

DROP TABLE IF EXISTS `users`;
/*!40101 SET @saved_cs_client     = @@character_set_client */;
/*!40101 SET character_set_client = utf8 */;
CREATE TABLE `users` (
  `id` int(20) NOT NULL AUTO_INCREMENT,
  `open_id` varchar(255) NOT NULL,
  `campus_id` int(11) DEFAULT NULL,
  `nickname` varchar(255) DEFAULT NULL,
  `headimg_url` varchar(255) DEFAULT NULL,
  `language` varchar(10) DEFAULT NULL,
  `province` varchar(10) DEFAULT NULL,
  `groupid` varchar(5) DEFAULT NULL,
  `country` varchar(10) DEFAULT NULL,
  `city` varchar(10) DEFAULT NULL,
  `sex` smallint(1) DEFAULT NULL,
  `remark` varchar(10) DEFAULT NULL,
  `total_amount` float(6,2) DEFAULT '0.00',
  PRIMARY KEY (`id`)
) ENGINE=InnoDB AUTO_INCREMENT=66 DEFAULT CHARSET=utf8;
/*!40101 SET character_set_client = @saved_cs_client */;

--
-- Dumping data for table `users`
--

LOCK TABLES `users` WRITE;
/*!40000 ALTER TABLE `users` DISABLE KEYS */;
INSERT INTO `users` VALUES (63,'ojh4J0WN9C5NBLwvkXiQS7-TGcJ0',1,'wangji','http://wx.qlogo.cn/mmopen/vi_32/hXMFVibPFIriaOL4s2WuOZTNvgU3ETxYwvAU1XtEQVB2yGibo2FKm95tXD70HLib42vfoQZWpYUib7dLC5sKB2gaYWg/0','zh_CN','Sichuan',NULL,'CN','Luzhou',1,NULL,0.00),(64,'ojh4J0QfahWrHBLK8JjstpthXN-A',1,'新心','http://wx.qlogo.cn/mmopen/vi_32/65YbsOK8jzZRlHBYtAIOycIXeVNBCpibiabxYIxmvq6E366ADictl8EicJORfQsgibYE3vtUsicIxvUlSsvWctiau684w/0','zh_CN','Sichuan',NULL,'CN','Luzhou',1,NULL,0.00),(65,'ojh4J0Ue39cqRGNCkH7WriCbspGE',1,'琪琪99','http://wx.qlogo.cn/mmopen/vi_32/fyH5ycdXIpVPLbicptIq43ANTp0xUYBbuzdTLnvFZtxhUTNMDlgAuz9ibvThez9icty5P8Mps12nuiaicW5BYJNJCibQ/0','zh_CN','Sichuan',NULL,'CN','Luzhou',2,NULL,0.00);
/*!40000 ALTER TABLE `users` ENABLE KEYS */;
UNLOCK TABLES;

--
-- Table structure for table `usersinfo`
--

DROP TABLE IF EXISTS `usersinfo`;
/*!40101 SET @saved_cs_client     = @@character_set_client */;
/*!40101 SET character_set_client = utf8 */;
CREATE TABLE `usersinfo` (
  `id` int(11) NOT NULL AUTO_INCREMENT,
  `campus_id` int(20) DEFAULT NULL,
  `open_id` varchar(255) NOT NULL DEFAULT '',
  `phone` varchar(20) DEFAULT NULL,
  `name` varchar(255) DEFAULT NULL,
  `address` varchar(255) DEFAULT NULL,
  `default_address` smallint(1) DEFAULT '0',
  PRIMARY KEY (`id`)
) ENGINE=InnoDB DEFAULT CHARSET=utf8;
/*!40101 SET character_set_client = @saved_cs_client */;

--
-- Dumping data for table `usersinfo`
--

LOCK TABLES `usersinfo` WRITE;
/*!40000 ALTER TABLE `usersinfo` DISABLE KEYS */;
/*!40000 ALTER TABLE `usersinfo` ENABLE KEYS */;
UNLOCK TABLES;
/*!40103 SET TIME_ZONE=@OLD_TIME_ZONE */;

/*!40101 SET SQL_MODE=@OLD_SQL_MODE */;
/*!40014 SET FOREIGN_KEY_CHECKS=@OLD_FOREIGN_KEY_CHECKS */;
/*!40014 SET UNIQUE_CHECKS=@OLD_UNIQUE_CHECKS */;
/*!40101 SET CHARACTER_SET_CLIENT=@OLD_CHARACTER_SET_CLIENT */;
/*!40101 SET CHARACTER_SET_RESULTS=@OLD_CHARACTER_SET_RESULTS */;
/*!40101 SET COLLATION_CONNECTION=@OLD_COLLATION_CONNECTION */;
/*!40111 SET SQL_NOTES=@OLD_SQL_NOTES */;

-- Dump completed on 2017-10-18 17:14:24
